Voltage,Frequency,Current,PowerFactor
181.8106274277108,48.327487792110844,8.649643450051236,0.9637480458968102
193.03278037316065,48.40539932279585,9.710962658568965,0.9967134413027325
185.86165800392783,47.50306866258257,8.415160158000077,0.8519341677900828
175.8758618178352,48.2100957714475,9.38407694072192,0.9939447265595954
182.57198970355927,47.5717508812954,6.212770666092428,0.8862467739583116
177.59334825469787,48.04883518837417,10.426587414745876,0.869503759062751
180.07880184694727,47.367750796522515,10.002410950724448,0.8100699053938707
176.74388947851497,47.10344677373271,8.365822737863619,0.8105530515719206
178.3566479411461,47.80859140519352,11.31849133686481,0.938402251189331
182.12093353074175,47.93813552686258,11.875140275253116,0.8915857988868056
170.0664130041805,47.8011601531927,6.784880271262052,0.8453043252072212
169.8412117301002,47.40798472088872,8.47455044286757,0.9227940612650465
166.11457446168788,47.80005046893443,8.461715300425404,0.8505716236500223
163.9972889549629,48.13464737629037,8.120193797782271,0.9155263508688846
167.8271730777952,47.97755348493873,11.658949683863497,0.8718417493965381
181.5946250680413,48.091250515299606,9.612347722454393,0.9647104453223638
171.07212484508116,47.66494239977288,9.470970317378779,0.9641392321533558
185.13614464231097,48.58585895735808,5.992275271186493,0.8954700796244803
180.34713748752563,47.41191333172261,11.270836060418453,0.8701638218670031
160.31495786561948,48.24378014854336,7.521483210293055,0.8725119593118189
237.32824384460778,50.1045670976071,10.119865260532656,0.9611429051336435
228.87111849756732,49.88525999921229,10.554753875916383,0.8656358965595224
230.33764102343963,49.9951290815478,12.721317191677302,0.8418118747413692
222.8762590689327,50.42845407172237,7.382359201761776,0.8169376683750614
227.27808637737408,50.34550863402014,3.9609756883583493,0.8933386241768817
230.55461294854933,50.08726473393481,10.36769908950739,0.8964264197839684
224.24503211288848,50.00760069563364,13.601022363021707,0.9681817420805814
231.87849009172837,50.02400626534365,12.477892705878874,0.8442477392892128
226.99680655040598,50.12270359454608,10.419318830549251,0.87619825473368
228.5415312510336,49.79544148696032,9.016727628735905,0.9616811477787381
226.99146693885302,49.94852469251533,11.61424519327462,0.9647247221497948
239.26139092254468,49.66628318522448,8.052907600591062,0.8769222151957536
229.93251387631034,50.07984462452106,10.952715538712438,0.8918248046573362
224.7114453552205,50.12943918794055,11.010940318333255,0.8606571781698567
234.11272456051594,49.903362707540126,12.12041981499776,0.9865109756838624
223.8957817501449,50.314797352658005,15.519320077822155,0.8237287531483161
231.04431797502377,49.75484686739953,10.784831934357534,0.986749884600294
220.2016493806011,49.707125023958035,8.982072748585002,0.9367732903670687
223.35906975550785,50.04489036371199,9.94885137561601,0.9063144305373463
230.98430617934562,50.20941966052243,6.4618481902217635,0.8065318121568992
233.69233289997706,50.33678553829157,8.610573737821884,0.8951192383644017
230.85684140594987,49.90822314742621,9.181435123773792,0.8815496210005465
229.4217585880588,50.215736166686256,8.951823204130815,0.8322437623950245
228.49448152205355,49.99229830609986,10.304709744067445,0.9312819207001314
222.60739004816287,49.96547454001183,8.355160135235598,0.9942301814736572
226.40077895802645,50.176731987497334,12.242061334648943,0.9124377622129051
227.69680614520107,50.13046457568269,10.000414129836393,0.9429506552887892
235.28561113109458,49.68472156860315,9.981399357722772,0.8136900905132034
231.7180914478423,50.29530806994518,9.344210566974164,0.883533399163399
221.18479922318633,50.27601827082949,10.310381367717959,0.8232716970328993
231.620419846974,49.874887459698094,11.65019652933527,0.9225591671073021
228.07458859791842,50.07916070668748,8.2657395685782,0.9876964316428309
226.61538999847022,50.098806037256544,8.683767021849487,0.9323555464943277
233.05838144420434,50.05213475316478,9.39254794244667,0.8153606096628844
235.15499761247975,49.88993896923092,7.30825815305357,0.8709332409970166
234.656400595581,49.865675326412386,8.361484280557004,0.9101326758881704
225.8039123838868,49.99488918580171,9.047558252910681,0.8806415512266504
228.4539381207439,50.23454580385187,11.748778361425455,0.9667288020950344
231.6563171570178,50.10872003091889,10.52512265800385,0.9629342009419979
234.8777256356118,49.92587713358278,10.387179822735089,0.9223662040206443
227.60412881077355,50.15433974212967,11.701795924335944,0.8746915890265411
229.0717051166809,49.430291475873986,9.725256423201207,0.8510672747526489
224.46832512996986,50.22975314007442,10.78092969985778,0.8211748636426259
224.01896687959663,49.65205724424438,9.793556494135007,0.8709795366973109
234.06262911197098,49.92751181171938,10.530724698799258,0.8826345034415439
236.78120014285412,49.77606602107477,8.834482684776836,0.9351645850208148
229.63994939209834,49.74106370485582,5.122365683447142,0.9316319648595147
235.01766448946012,50.2321653574757,9.731441675627392,0.8140216279282514
231.80818012523818,49.90645975973762,12.845496272199881,0.8790518630862316
226.7744012269744,50.06930077634615,11.852430804483184,0.8363557734434724
231.80697802754207,49.99061588422416,11.930794969182342,0.8313625410633612
237.69018283232984,50.095408165444624,12.472261443612435,0.9654604299474492
229.82086980445024,50.01536437821205,10.177315181922875,0.8083830433432515
237.82321827907003,49.743401555162286,10.394631414811192,0.8838365751804242
216.9012744795513,50.199253363889426,8.7646962091313,0.8336407311533037
234.10951252187613,49.90124868336774,9.367854287945901,0.9758660431356948
230.43523534119086,49.68868362026805,11.231542299542284,0.911408102655007
228.50496324767067,49.91437696780682,12.407768874337632,0.8462761272753696
230.4588038826775,50.30015195812686,9.721107448638001,0.9004854574332753
220.06215542699553,50.1700443484227,9.099621470297176,0.9462972719406232
228.90164056081244,49.93026957311843,10.001055917713195,0.9916236017838868
231.78556285755874,49.93014845913631,11.20241349785823,0.8440892008490838
237.38947022370758,49.935672989756526,7.112290367732916,0.9772363544258691
227.40864890863176,50.41534959671217,5.407638093725524,0.9868608228334981
225.95753198553408,50.07638709044631,8.898926301016832,0.9832841089064133
227.49121478207732,50.086008329438215,7.558575148171682,0.927082871372382
234.57701058851038,50.20605669080637,8.983719604705378,0.9259641308869415
231.64375554829843,50.047757831805306,9.704439362365058,0.8806421266367646
227.3511989811648,49.94819157083586,9.093503181953974,0.9504795764607576
232.56633716556678,49.960730030183,12.90493506894149,0.9062588036701864
230.4853877467402,49.985679748117185,10.65348952920464,0.935487614245659
234.84322495266446,49.99255555269803,10.600948719221657,0.8856915807697591
226.48973453061325,50.14552590872739,11.244414288086803,0.9462992928086278
228.36168926701117,50.01038917716146,7.722333764438462,0.9648943035209099
228.0394592343392,50.14652801544312,12.078223574840537,0.8292872513205632
222.6824252593394,49.98385668397828,9.84847142692908,0.9665859431148456
231.48060138532287,50.01572703806322,11.340961234482425,0.9080593063580614
231.30527636089946,49.60035986309358,7.856285533919689,0.9689331818180449
230.0255672832123,50.183265534940496,6.892482467967872,0.886260341268203
228.82706433312427,50.0692976951796,11.635779316050057,0.875808097076607
222.92314628974793,50.19960202197193,10.752819052195033,0.9830121465034445
227.8967733861732,49.42074892436126,8.19589689128498,0.8502338535096803
228.28642741736616,50.41767494095615,8.26067383745061,0.9688424650572286
225.98861365389192,49.97208207436896,12.25086956882954,0.8968041145018808
229.19357144166995,50.2216365633475,7.621176214265344,0.9028190885102519
232.02025428407268,49.792018814574895,13.285345906511926,0.8616936562978968
239.43092950605265,50.12255478101251,8.198758530704263,0.9146084401238032
230.87288906415918,49.78931688736527,11.276783851216766,0.8650422392552423
231.28775195361382,49.87524620786084,9.34276304850203,0.8078538828483305
229.62777042116917,50.38280627077336,11.206374862164687,0.8543997210688712
220.4061439235048,49.961863519847334,8.911771995771614,0.8012758086813182
229.86743062275391,50.04348657463594,9.674414187855412,0.9956709574113713
230.30115104970514,50.17401354613775,10.081838350791442,0.9931494419639495
242.31621056242642,50.09913637759452,7.9956250884370546,0.879031059494461
229.03819517609438,50.030083781028715,11.481648690840252,0.9456741708679293
231.50773671166806,50.072992200493246,8.973572867056829,0.869161219682085
229.82644115147377,50.480683117047654,9.542800169319962,0.9342186314171952
224.15660981190234,49.988476240593286,8.011301250782976,0.9610860086091958
235.71411407257511,50.04021980934299,4.875332682409379,0.9893512489384482
233.75966516343388,50.21013087920152,9.617944474799662,0.8800424551699344
233.95515973521523,50.22110518659159,14.825230843225832,0.9566595965912096
225.4530627260263,50.237406061112075,11.569208575796047,0.8531856901264238
237.0139715546805,50.12774604440584,9.961479240531212,0.9980664607587297
222.9907446860386,49.7713990174539,9.474218341583464,0.8051539197528703
232.93428546900134,50.32668630646022,10.044931785624092,0.9207057613002242
240.9522781290499,49.770730921396265,11.09423823035042,0.9319011963302655
225.04731837434656,50.06052709304781,7.63837436938231,0.9376091114148257
227.16851135198613,49.84914482999613,12.228643389337744,0.8240775157578178
230.4982568254382,49.9871723306814,11.430762630882487,0.987705956694626
227.482621729419,50.065752482060695,11.43637145141587,0.8362366558100166
222.24668284466935,50.06427144309006,10.876951477619455,0.9245506806479682
230.34281487403013,50.08438415084706,10.03923331538798,0.844535215824617
224.68848143136947,50.32274225381173,11.34572247193364,0.8614432834042542
232.3679621531759,50.090706860302795,11.183628267482757,0.9092917083456249
225.40287882883098,49.95116867294187,9.291918578117953,0.8834386837129153
237.7496720250877,50.19281743365767,8.852796454206198,0.8320451201953013
226.08373353831882,50.23789409778493,10.203712590523974,0.8341872804841697
228.38969241897163,49.754478436972605,13.098040302990375,0.88362895763256
234.06758608684834,50.11948001396997,7.521785848692199,0.9514565956551002
223.84567841783021,50.14023454846218,7.06494946849512,0.9795929293695578
231.13729967302064,49.940487299328005,10.329521682473034,0.8168255324518766
236.53571377141213,50.275141362662325,10.101775403712036,0.8786207815118803
221.96258382719387,49.9699888825935,10.346683328740816,0.8200491127445754
230.92316929266153,50.02511529069431,10.487906395817001,0.8033184961265196
231.29941397124213,49.96538563514323,9.55359549073039,0.9323437365287913
233.90911435888654,50.003115809516295,12.979726877204165,0.9204898883933176
223.8152464456096,49.78074498262096,6.798192043046969,0.8326038227629773
223.39771693457863,49.71198982348114,8.343005950439508,0.8467625666186128
232.60970782808448,50.31890101264499,9.793490479701905,0.8047415507289037
231.48492336616593,49.83060773033633,6.7136223776916655,0.9669894411388807
231.25246425172938,49.801721530108736,9.648291191135858,0.9949381192097103
231.73224104748488,49.56932197727926,13.322940331456037,0.8270919073589382
226.59987639210755,49.8722076504621,10.041772976591924,0.8462950427530597
231.161268485805,49.7353820413185,10.461401811437367,0.9736819047893868
231.4653623664934,50.328403032027275,7.47967046965484,0.985292759591237
226.42824290986817,50.20196341786853,8.767277183921045,0.8839254765613621
239.3288725557238,49.862369930964455,9.249607239352127,0.8101244944538148
232.36916460455893,50.450487161068864,9.364569806487532,0.807878366738564
224.04348251398676,50.196353097398315,12.563287590007537,0.9147899732138021
233.28276804316914,49.935033723298275,11.11538212145025,0.8785790217786358
225.12659164886338,49.500118857025285,7.777084086125936,0.805730485515531
233.93542301871227,50.45818851451815,10.49300955686401,0.9166504784625114
235.792977895037,49.72208550664728,10.996443496993571,0.8022605073178045
225.89658840824146,49.670920250608624,12.280298077042533,0.9574743916298546
234.81688064622162,50.20451408640193,13.161081373136748,0.8612865645406743
232.0639046346825,50.48795048126785,7.969811616344263,0.8080516006018464
234.11030079997244,50.2768545637021,8.378284977579323,0.9176704441966307
239.48396491326974,50.11278182401047,7.4848442821707675,0.879536882886611
228.77305941998566,50.11895086833306,9.531960281786038,0.9947600826714299
226.23131917821254,50.17068311175606,10.93271674889267,0.9088397325007405
225.55242785187238,50.15178571795735,11.974669033178204,0.8550478362074017
225.92094857517282,50.05623828479388,9.848097952714955,0.9418877729267949
229.61449145292949,50.020840220790376,9.360304953490312,0.8542984005085423
231.7057598740832,49.98748137442009,10.30351598449748,0.980848658281513
231.3834539966501,49.84920708222666,8.329714196739953,0.8749443941014753
234.1359162451801,49.94386498462664,14.179077443389547,0.9099737125552411
230.06500945938953,49.661408637160925,6.784677945763883,0.8101146207648459
237.26767038578657,49.98033207464105,10.36948115779145,0.8852242475904462
228.67671583381022,49.802281778569814,14.04721243845928,0.966472707932199
243.6008458329481,49.779282136556844,10.013599689119996,0.9611297610726683
233.12833673882503,50.0359788302307,9.61992192999701,0.8448637117707053
225.7142122179186,50.27840045726892,9.285109154379146,0.8452158142021126
224.64553750969444,50.18366332120046,9.639216636475185,0.9634610624426474
232.4123620762159,49.68589987927537,12.74569694935306,0.9860796840338651
228.88268607337073,49.80207437268593,5.576276177340986,0.8190721842546007
233.57000247046045,50.188154237597644,13.066867402592651,0.8900117278852451
232.36618812286773,49.80350252129234,7.15208569509971,0.8674908557928458
229.63585543671564,49.9550733700006,9.466695341531171,0.9741376910914878
225.76603140965798,50.11001041980491,9.141511159402675,0.8167049829360038
222.42576387657067,49.806331109027276,11.17710653954144,0.8422251885116075
227.7674252396649,50.021075101229194,6.803751296232505,0.9504936675172989
234.28199397161737,49.73319490101636,10.924345332163886,0.8102587697962431
231.070468720651,49.87972647120976,14.048619246573704,0.8985070761428579
223.77130610644005,50.06395638682851,7.273651990814379,0.8884214069359441
230.8659046292559,49.681401253293664,10.379412335220792,0.8668802357977498
231.9265868986442,50.08809494759208,8.676035644406781,0.8789144630637848
225.58071281899433,49.99607244021466,10.85177441238607,0.9059881173860466
230.76862552972764,50.11049799088343,10.038295554831505,0.8322734716776766
230.29104359223,50.044782826812934,8.71702618191138,0.9143991756567186
224.28514851084688,50.27282808599477,10.975744569742147,0.9610864658599972
231.78893680174141,50.02504490052958,13.608696219573487,0.9520321859580319
232.80392263184117,49.91411889177495,9.618192416545403,0.8307799809387548
235.41525621587638,50.024459500606454,11.439515884296364,0.8298498939482948
235.26901026017453,50.108659605807276,7.413454084257673,0.8536348735489827
223.11165316021453,50.00977201406514,8.087127246363982,0.8722149452682075
225.3108748004244,50.00811833824078,10.944812555760755,0.8816911162816965
232.57517633604328,49.85960166243865,12.96823205707193,0.935939443366669
232.56892975456105,49.86741981648981,10.71122669757132,0.8113360864331671
232.57523843153024,49.71947894564006,9.373883938953691,0.8069345408452133
249.2636574532736,50.34991534863739,9.998582810846708,0.8783821125887818
232.85445255346585,49.751227352921745,7.499184532060565,0.9394327384275961
235.677828200903,49.861418960440815,11.209030652710734,0.8386870685912966
234.77000881746602,49.85631854688616,11.76466612464682,0.9283008962512503
233.25695625652898,50.178984875388885,9.09581933433384,0.8519656275880599
228.42365377679826,49.9410100643416,9.059915704480996,0.9772172217627033
233.79484610246635,50.24954841453474,10.531756459304097,0.9791379888533234
226.13587392731213,49.865301875151225,9.126560527918809,0.8594574408562653
228.81590696629996,50.05579883244476,9.867734770748354,0.8459987507926481
227.57318226085448,49.832930589348045,14.199443578333032,0.8822607944132462
230.4093706969316,50.42902982555468,9.505948598508006,0.8481063170360298
241.57329283336753,49.7624803161941,9.283319695957555,0.9344767686583407
220.66367403704126,50.061964142045404,8.704916388729682,0.9652129369096571
233.43130095187257,50.126755376186416,11.488383942999874,0.9346184261822434
221.93642064405174,50.0827598194903,9.637551653563794,0.9648700894498698
227.64034067105283,49.96294246822446,8.701253923357148,0.8793984324414948
235.44475298483684,49.97403586005331,12.642608064546025,0.8312633941417722
230.32140009547732,50.00876229439582,12.839206009027274,0.9475901894795185
224.61127611035346,49.9705995996743,8.79915286852259,0.8720949010283108
226.42348145370016,50.19277582335898,6.266920097278767,0.9342541650458265
233.39798874467337,50.442104600318274,12.015027379673844,0.8541287883963532
226.34816684141433,49.888501642998435,8.630740348479993,0.8162459269613346
231.08229294790988,49.72603940408418,11.581251198325537,0.9985163590975527
230.22785919951906,49.98234359032975,6.059792364576329,0.83124030158612
226.7419982619709,50.51594186753086,11.785194676598618,0.9976841987926962
240.71972044662664,49.83926508640605,7.577656141438437,0.9954559865132895
233.16959511159007,50.32782336108881,11.461528238133049,0.9587636207816079
219.87428706671196,50.335540162815285,10.028546135672869,0.9318845924163995
230.93227157384715,49.8892823516584,8.09212116120671,0.915561410050217
226.69106767615807,50.11379661583705,9.18592737414644,0.9732203090755669
234.2621666739811,50.32567932462571,11.372636913913402,0.8578879043238976
226.0373963078365,49.9241744518025,10.211788906230469,0.8935362424969754
229.42631779266551,49.95928392797953,11.168825960944968,0.9238779938733004
232.52493639490228,49.88366381721027,13.95288116903097,0.8822380951738983
234.32877597085061,49.797048653861424,6.871516776577897,0.8854972908180536
223.99851796472112,49.870144490986796,13.234425149937248,0.8660569335004169
228.32749382079527,49.75521194664755,10.208711875046426,0.9128463633369073
227.62527344419522,50.00681669365184,8.202431903353745,0.9701149056030232
226.73335383713143,49.84600535378827,7.33937274852202,0.8403056756012626
238.8272712014055,50.04675718235815,9.621759218445932,0.9868866077506883
232.02490855480477,49.68882087075927,11.84330022384892,0.9378175307496459
223.6955802283248,50.06617604644289,9.744901759244932,0.9646546425360061
234.58930973527387,50.166705792321785,13.022309860494694,0.9112381385260023
240.61078098506317,49.601252871485705,7.097648619896882,0.9559033402848127
235.16232630275573,50.07481131396951,9.975822104307891,0.8032400794678934
222.40315017022994,50.245533798494655,7.495213111173761,0.9636760849559071
227.57882963566874,49.75807179626176,10.727263765249935,0.8080277718170733
236.3345557459331,50.33451447736754,11.7737747801946,0.9779826752725725
226.4616526719061,50.08380380187321,9.158476412637894,0.9983925494477286
232.21909714073115,49.85899762884832,4.7915722867457315,0.8588134924353557
233.8731702671467,49.98884618446846,10.39789629359299,0.8420637112571587
225.36534764210958,50.11166538250434,10.87347710346702,0.9530726727716081
229.702373219691,50.01520107828248,10.808589509923396,0.8506052681840507
213.79366329965464,50.107751198489275,12.471564383644308,0.9731124766344407
224.87806179332856,49.81586528138413,7.857892640701902,0.8205685184314954
228.7371592430342,50.033872164807214,11.3604322109009,0.8251910392758717
223.76108409017576,49.717257100619,12.38501502495595,0.9958303110201231
238.16205651965817,49.97775478773026,6.442824831986966,0.9347677796540009
222.84929311019684,49.81921847170704,10.639303651837954,0.9693774448857906
227.79977756651508,49.85289401148205,8.991640337984657,0.8648658754703036
230.65370288643047,50.24721863504209,9.836954653796708,0.9352967499041209
237.2063664453306,50.21826202411886,10.695352967076673,0.9188483654617194
222.8206892441028,50.121827624181435,9.025542871772895,0.9206300240245894
235.8158187607748,49.78153744706548,8.648583841676777,0.9365064919075443
230.05116530509792,49.93671831006104,10.068304834976049,0.9150718346258198
225.09245674476026,50.242619539995836,7.825508122274394,0.8858124738605332
232.31051737131637,50.02834338272798,7.828349742229629,0.8551845388761095
230.99529847786735,50.463865907996336,11.358746565913007,0.9537162661826404
226.99891561420603,50.07866356787888,7.702411929682688,0.8452544860006372
230.3490104249501,50.038409823298004,11.332625001818425,0.9384708612308829
228.0734320156912,49.9381767071595,10.925182585707903,0.8466665645298653
230.56758672625625,50.026708180956454,6.548386542418807,0.9250660339908908
233.31065337260523,49.96950603272389,8.64487069532869,0.9494156534258058
237.93008408072677,50.141621735337715,12.388218806094745,0.8437427777813079
223.81092250586576,50.19134046335892,8.037668937720637,0.8119886601722617
240.66516687328132,49.84280210789841,9.071191475381225,0.8261947485988349
220.2395610023875,49.73375340928845,10.924121786503793,0.9211993934542051
229.2410745248221,49.63275892537934,11.566781018565191,0.9698892812451472
232.9415860324229,50.101598265382506,9.496922227911009,0.808999364247085
231.40495933867516,49.77932667876522,8.804979610616718,0.9468302518083292
226.88650240089703,49.569421881409504,12.844739723397016,0.8682637291900105
228.95938874821363,50.07771572090619,13.477799327595157,0.8957056739839045
227.53499532670583,50.49859990348656,11.95771610156359,0.9857719099691131
227.05317621527894,49.998785817692024,10.170636285130048,0.8663943009471691
234.2480104851051,50.16769815489033,8.383468556718148,0.8930673867878972
231.78507742982524,50.01636587170951,8.33911118688687,0.8027364829521363
226.53545202369673,49.98022206936177,11.045028210531514,0.8163197440009677
234.49799937716625,50.18381529659755,10.836796441777368,0.8517183182269569
231.53649760438304,49.94194509116227,12.80319718589286,0.805570448164215
234.0643105941948,50.05347846281438,11.300900185072278,0.9262750652096502
233.14814420961807,50.0643395612392,6.9938393964803645,0.8852796713603245
225.85502494538963,49.86638190927139,12.103895235445837,0.9096290405456045
227.19909479901514,50.19840846990731,8.003878745371175,0.8349294371792659
233.73646802561632,49.96500804866092,9.232057456095298,0.8591864058873233
233.05185132716733,49.84885096810143,10.500400412503389,0.932764894970545
229.89549203017927,50.10730196871408,13.99133497956793,0.99306054472608
230.5866369165439,49.820306403641794,16.219837112010723,0.8100833547204419
236.38832447894214,50.00563623147382,11.213446118272365,0.9780768641710532
227.04214305582084,49.99817620067116,9.633606762559225,0.9153762402622417
232.7354869058502,50.21717911316632,11.0690112969611,0.9127839133511247
228.98903673783053,50.09493964657599,11.775310851747673,0.9000557070415521
228.9115939838639,49.99499460825097,9.358664748885616,0.8138788171808368
235.49388425993595,50.16355325984006,13.590422711824644,0.8179753703472322
234.12708174494014,50.278041509803465,10.460141518382803,0.9201824011318173
234.0675481800032,50.11156206127037,10.995486178182789,0.8681917142871117
236.52739403577164,50.002070523968676,11.331848504108923,0.9834536133155362
230.10501920816378,49.737632753529965,10.843173221228911,0.8813181074718944
233.40976485647482,49.78697726738493,11.677881000939225,0.8286562917405282
228.44866621703272,49.938955059129064,8.765493626906153,0.9429437667004072
231.6208317624422,49.87809755956815,8.88339649210794,0.858670684288202
229.34928472816156,49.96260573940291,7.79969153405661,0.9050940614711787
230.4849798249636,50.01132998497942,10.879002461240454,0.939566557101034
232.97578512718457,50.10593855087134,11.557873007024227,0.9800528222404141
225.90889658383264,49.98590024438818,10.915545732303771,0.9584382389603352
240.4619363784273,50.09730032876524,13.348984866695075,0.9352722135745448
224.96991309250149,50.01289488296202,9.988807962341907,0.9359266364790287
223.92905693606133,49.60490668672922,11.337483311185025,0.9891849288064173
235.79055436750033,49.81213292123625,7.816598247721371,0.8591648194993072
233.95831346981467,49.971182488855675,9.225800595051197,0.8002224188392375
233.12059908526078,49.75806105143178,11.391075515131554,0.8543909118796398
233.1417275463214,50.119985745999244,11.698204221486288,0.8435782759253488
229.93876613576543,50.30615016646874,9.412066104671636,0.9323669170227996
225.51372814257084,50.243752370339465,9.856801496283866,0.9267423199531059
230.37902279096863,49.957311425813955,6.964252506638381,0.9186922765409448
226.61419144243945,50.29814522736999,9.285941598386781,0.8032486886418908
234.87559866708875,50.029733491440425,11.780766327039572,0.9457556108901295
229.2647130924893,49.93258280577639,11.150410032213133,0.8647060824970983
225.87251401603743,49.87731946729181,11.00133144276242,0.9330111978013262
228.39307079173503,49.93950606270237,10.09954737436192,0.9113156857004306
232.0646572713781,49.92236463629175,10.014126317256354,0.8685461850855815
227.18137723598014,50.0340832444751,8.679357721053107,0.8269152534208216
225.88889802216784,50.032114796209974,11.39765684040507,0.8188837795320962
231.21843605745957,50.00060920403068,10.84194588877878,0.9663036666224447
231.2248328555436,50.08738763394927,10.984037695985599,0.9836795084163116
227.46528412314436,50.238129254957265,8.94793031466484,0.9299576093528599
227.6448084719084,50.18991082708826,5.693314160257511,0.8206868229720967
231.16024968678818,49.70302040631002,12.19430542350739,0.8804054433776481
222.75957829251337,49.48921577301961,9.042325087983192,0.9457878400210314
222.96268112811723,50.18686398224786,8.27444847191376,0.9559641768020136
226.40777889373783,49.72662426031692,11.386957823827988,0.8236437244582178
228.93276424144076,49.955046919621466,9.215974720161741,0.8000061437690765
231.55453782799003,49.76597739478813,12.119872768093243,0.942427409176121
237.37678108474776,49.639603912484,11.234011899153394,0.8713192351972412
234.28829811601008,50.10829254564096,11.367138646400955,0.8508962663236521
229.20030735018287,50.15183103206053,7.268088577598931,0.8025794939579052
229.90491896048655,49.88469791985466,12.423887970772801,0.9080598813523
224.98735317681096,49.48179154157102,10.522501062467713,0.9702301470851964
229.90743432003805,49.890751110349505,9.261445721507593,0.9915263292545176
228.5567068053993,50.07836080108051,10.286776934684502,0.9131489901226578
231.61359280169046,49.70421768624517,6.44752953420336,0.9028922655479789
225.86384528223837,50.036671983955834,10.817305622961342,0.8170112770978483
232.59673257120585,49.9969380301654,7.941256983635856,0.90977456030852
237.6636945650129,50.11585829992022,7.294659428312931,0.875995815793079
229.45619925771572,50.023916073682834,6.955281627564218,0.9214270561767154
232.0085586104947,49.80538621182369,12.225376749979851,0.8777452695753094
233.45071995855557,50.2393143003329,8.741473212614423,0.8480598246900733
227.99389764057082,49.968294085394604,13.067455419833,0.8189930550456753
231.1204624090521,49.994539092098016,8.928397073895404,0.8629836889177792
230.06296200390898,49.81334640818536,6.5852840848141065,0.8193289668575505
230.48838049274417,49.911343549761696,7.766951120102682,0.8353793901647968
226.13495108072266,49.82303945719462,12.471623240013876,0.9974672317159092
230.12255087129472,49.96541078801531,9.688203644126665,0.8888207113813238
232.48999145622724,50.34234169602847,8.903425407018798,0.9063743533010034
237.2557180389752,49.725619771413726,10.320036451705576,0.974723705747443
234.79635413042604,49.67728772042465,11.00356547233509,0.9991137800981376
240.7659122875578,50.29423406549872,12.234797631804922,0.9165428898689363
226.16326218555974,49.95813526456963,12.896998459785852,0.9624947642088344
234.3616031836034,49.86618545226802,9.280462708421828,0.8653882048673351
230.91671002869177,50.20798093747921,7.3479046278359235,0.8611487914894582
240.94901466608837,49.878876892052624,9.173069677753448,0.880540744198912
225.95850857322424,50.36520194270939,10.520561013165771,0.9345014525347298
225.80139078909613,50.13558517426785,8.072482147578778,0.9364383378510197
227.0030367727799,49.902417718370856,8.085698170209914,0.8630478869298902
219.38052137845096,50.4314616426531,10.68757576309977,0.8266419848273258
227.3712248915962,49.87885701539933,9.902695296859097,0.9264792512931017
226.20433669223152,50.148419074401865,10.065593990823173,0.825665172437753
230.75196893238103,50.0598585160813,8.483009330599861,0.9156985016458661
231.7087798788858,50.26034825787976,9.539198571588466,0.9386844256112619
239.38085419607944,50.31230223934537,8.151533711463392,0.9401222992788903
234.75211919093024,50.00640082981315,11.780396822249573,0.9506944221319193
227.11548172168798,49.849316425930766,12.070498669447506,0.9745718843131329
225.5079266432582,50.091994428587824,6.307624275523812,0.8999917983929577
232.45959585753252,49.86445692604958,8.14097827961518,0.9460498379059142
223.3988339648968,50.402677449505326,7.006941489819842,0.9238345470731674
239.15729382927177,50.02730706621655,8.699952131186203,0.8373279879595366
235.89720060360642,49.926935689737576,9.833124060419278,0.8051379289738817
227.65412173947647,50.03693606117298,7.10070956060294,0.8569082771353868
221.43432735454562,49.73057474209406,8.156280373749373,0.8886067412675239
236.76936187082705,49.80567719229787,7.992085255837003,0.9234211888857313
229.4273007737369,50.24008278158888,10.414534658797887,0.969991866100641
236.1890815598673,49.86862114420572,10.138688674072501,0.8392491433412331
222.02786170602818,49.79061780346361,8.556524893325493,0.8251099579796954
227.00312488523113,50.10733055050546,10.353641744278796,0.9926959894948655
230.0262184985909,50.2371408309326,8.906639830825469,0.8216089118752815
230.23490296882372,50.143790662133014,9.456689779347894,0.8956982140214379
227.74967264260377,50.19920953716117,13.346904180597074,0.9171127457586604
233.1142496617375,49.848640982286106,12.680922103580695,0.9082748841814877
224.66189785308703,49.71563786665163,7.400837526144805,0.8172064314065887
229.28810257489354,50.300266730391094,11.65946483575835,0.8114053828007239
230.6014781585595,49.93546403223157,11.622793108983185,0.8210966854922072
232.57219417029376,49.94983339670899,7.703473422494763,0.9171175367745226
233.55807439044446,50.26563882836981,11.637555287509722,0.9088689775268642
224.37678954081065,50.11124600188013,13.075863836825105,0.8467481584073488
222.3294291463219,50.09117755441632,7.754910387511172,0.9275548283691183
236.38838410949253,50.43300046898022,8.164994357971473,0.9640135004111299
231.66157005989797,49.871296353923974,12.035322933687006,0.8083157919693188
226.25756731721722,50.18556802561625,10.542990621651295,0.8996259887096085
237.7557598776126,50.01140262497942,11.102952550479046,0.937862082420538
230.5783731714643,50.05371845577265,10.681178432800994,0.8504623854139375
235.89648592031912,50.305693685282506,10.781391841856289,0.8615541810586298
230.33759240705055,50.101567151257925,7.347055743377834,0.9227275805978767
240.30373962440993,50.107659215809925,12.094635413242896,0.9795870586887474
238.77670421221603,50.21450146746196,12.339179984855548,0.9619848840605799
228.75517925760462,49.927009454091426,9.541218511863944,0.9166260438199167
234.85785475477178,49.8321580665322,9.913046100372275,0.9460443435514498
233.22687974792575,49.79103816119579,6.937784994888556,0.8729644940415597
236.84315778766174,49.606728682124796,11.02850951203567,0.9281931056197515
225.17538269709948,50.41124142598807,11.144114883428289,0.8932363182255114
233.4302572999922,49.779358326855665,9.875617966001379,0.8379872272915122
235.29212243424794,49.95574927528285,12.248706719741005,0.9403476547754515
221.20630256788442,49.94463734002222,9.331845538040119,0.9112929274697644
224.08370743667112,50.06148133956182,11.1292118517872,0.8717243163907183
219.8038391111995,50.16314744250786,7.960671322615768,0.9822678380157261
228.65296582777722,50.17209469767195,9.952895698251524,0.8041868235653467
233.5877112789798,49.88338451228621,9.651291484194328,0.8631546302498992
237.51178526048014,49.966575657242714,10.450615844081883,0.8113762795555294
230.37047390209887,50.05651599009766,9.260946142333284,0.9533054632443254
238.14307772785645,49.95026177476329,9.737054808656664,0.9404214908227585
223.09949270892554,50.321469115203996,11.652094342883013,0.8662704437472635
221.48308780322424,50.09819499032765,9.126471525523565,0.9351325804414146
229.7222615055169,50.14697555720996,6.786845798522641,0.87918744523919
231.92032724469652,50.13257625373348,13.499167808410842,0.9512507582844869
229.83652625952953,50.23469477149707,12.762908157380974,0.8908367325473412
219.66278949980062,50.03620431174074,7.415474609788763,0.8824559455663331
229.55439980243605,49.74063361040883,11.379415610490389,0.9869459830976602
223.47765249747573,50.079937590350525,8.994050458897314,0.8501758199781401
233.3483627441502,49.869728621241634,10.526974430662118,0.8240894679993132
231.83299123048425,49.89427666365005,10.588448258026988,0.9169086226518917
225.30060106836322,50.11727280375102,9.531184399367357,0.9938643624568357
227.43066541331655,50.247656614286726,8.432468668827207,0.8755678427454374
224.70393239055525,50.00425431534721,8.618917895367481,0.8124073527257564
229.68660451363414,50.061766602519796,8.167616169037515,0.8678610534619136
234.7757116025062,50.340442988927045,8.33635558353911,0.9011863308639118
225.07136976832228,50.04815063589771,9.86564341990129,0.8323846013264428
232.5202325775892,50.520336622836076,8.568480021778496,0.9316204436112985
227.3487119081378,50.11310192912631,11.36410413142524,0.9995498778020402
226.03563583868828,49.64784744816884,12.974492310671854,0.8903478951962888
229.4648482002272,50.15066832422091,8.839893517259913,0.8709457113460426
224.82378838790314,50.076231676976555,10.478809001070754,0.8801408333668934
227.2317534732641,50.25795055081655,10.999370220605869,0.8230292356790403
224.01061053705575,50.13463627025399,10.944004541838549,0.9766547202852448
239.82362566458195,49.97230880320325,10.151910535832174,0.8829651311042704
230.17631775985865,49.755140352742124,11.485364836719445,0.8774548822849683
226.50137246003706,49.958195348542795,10.964497905361315,0.9319380545860949
231.06989955367112,49.82989590915814,7.524675155345404,0.8884066841862247
229.43835975154585,49.88389531003906,11.738312128778546,0.9296466937615693
228.89515200233387,50.117715680884125,11.774581674533485,0.8122892580261576
233.07083350021713,50.33398090087028,8.473427791642838,0.9627446687444455
233.78753855023652,50.078934305964594,10.075875670895204,0.9881007905758805
227.34749426194736,49.760823387592964,11.366657985622139,0.9297530772318772
227.1209087967766,50.08892053364403,9.581372360841277,0.9909131857717621
228.62474151424178,50.23932629732913,12.145956095532023,0.8302864628739927
218.49039417632207,49.87804341913613,14.727744989238722,0.8954832378960708
222.42404468900725,49.973196566665415,8.428027934730036,0.9203613467890894
236.83437133722262,50.00293763894584,7.23791079369245,0.9163473294842374
238.22483856750642,49.84302033738355,10.60763719120975,0.8802923558178086
228.7548198022181,50.12965608676877,11.443125010252286,0.8676168818732524
232.88278481527882,49.975810370278445,9.538267252310462,0.8253648045100838
231.55625077271768,50.08390648878141,12.906521326642068,0.8783484901124556
245.3944040422762,49.82250156443958,7.322788400553502,0.8325321630210971
235.59787455717287,49.912508339935314,11.385837246063222,0.9468731352984436
229.36041204259618,50.14447627156555,8.788278358482213,0.841766187098918
225.22229779699788,49.92543336958165,13.438755812414593,0.8117130610569068
221.96776839871214,50.34539277024668,13.985030706336236,0.9104732275634468
231.01731817933612,49.920072762877076,8.466686824433305,0.9190459465438803
226.21824627357847,50.044936945150376,8.900885728182839,0.9743826122561011
222.88873145201163,50.18651816637462,11.719175773959604,0.9153963224835364
226.76713557878736,49.71632685341339,9.22573870042097,0.8690961707446891
224.59225998192804,49.64783823760384,9.909177564135524,0.9606023763052641
238.43570817536283,49.69486873708598,10.05077684108482,0.9080557786374842
234.40819878474724,50.252516820685436,6.160653687604688,0.8158560569262384
229.96013679341692,49.88962837082151,9.972324507811525,0.9131701120626493
237.39972069445014,50.51163985713365,8.620544451871652,0.9816037090843325
230.3868415382381,49.887150480268524,9.013754355200456,0.8792625250996442
225.69357899335867,50.03691026063941,12.887264006937627,0.85926516037996
237.6156203863483,50.30842199051357,7.486986211441487,0.828693891403604
232.6945502184233,50.40121857763182,11.626410373495954,0.8302891043870715
224.81376922836773,50.41230071532728,9.442074139336382,0.8865542968683638
229.04830660958197,50.24167324611863,9.44047966300833,0.9191359648323059
225.62190873307622,50.204812505162295,11.580743792103423,0.8161230810339204
223.08600134517832,50.11850538984024,10.68010258913778,0.9879137178050331
234.6308877376582,50.15567221523333,11.141225994439061,0.9510267234890392
239.54708320235065,49.88976285673429,11.936369321065722,0.9173247836567325
223.0071621309043,49.83636022331554,9.337383233633355,0.9656877341877982
232.81484618345286,49.99932510851781,8.7755265309845,0.8160373513624227
226.74678715439086,49.96596307549501,7.829698946884404,0.8953677755466249
227.5643730811765,49.909354390134546,8.34917894004209,0.9260186253723327
227.03803037880564,50.13927748949134,15.898188850617451,0.9657305812236578
225.68004615160092,50.1910610417141,12.489359161473573,0.9566939120098535
230.24260813972413,50.01768137725837,7.297851267583957,0.85541384994268
225.8452494179448,50.29550601621105,7.35508408651286,0.9881760339118408
231.35228412889919,49.7716621771733,10.963732123436984,0.8248691682861741
229.7488094527543,49.961268108144054,11.094529594755933,0.9750267237242305
228.80525976566796,49.85663553587944,11.09776767063473,0.9941880499209237
225.462181689792,49.626692676585385,9.490088412892604,0.8354307046445252
227.11614334715833,49.983463862831464,9.749091479994199,0.9444132128407571
233.7769561291288,49.97565049832334,10.655759048318714,0.8080571037555997
232.5045859381219,50.30268994864843,10.171786012586661,0.8810845650278311
225.11222377600726,50.12616233691096,5.56139925450493,0.9032566598395348
230.49666152714613,49.79516263513416,9.540400738849613,0.9161290451819268
233.75693561685895,50.37081851326684,8.297187131479372,0.987187449649712
221.65297359439313,50.24420673910507,10.350422837817025,0.934450137458839
232.71680096189968,50.11641954069372,15.97051800520682,0.8962555902438474
226.68688120527077,49.954703180230034,10.73496333094861,0.9619350072531778
232.8529933429658,49.808112152655305,9.372940627655204,0.9901065641908817
226.1837042172874,49.92555864478579,11.843603003954504,0.8044132297364582
220.9755894966774,50.217749723940834,10.965375774418426,0.9965042544512077
221.86228781058418,50.376917261186925,10.840188980903683,0.8172264278127361
230.24042473330692,50.308648705654434,11.213701186431342,0.9628773558537522
231.29861250860742,49.902230115642745,14.113087129659082,0.8560669505102825
225.47841687447794,49.7760765133422,7.738223129348169,0.8264359315507744
233.19296229388686,50.02817724938224,10.947264153622909,0.887971127942767
221.6923996886552,49.64631212688743,8.147237740036923,0.9287913158895227
229.66960100676343,50.06463354283696,11.111025292684497,0.876190369004695
223.9449190011877,49.97047948274027,8.162626977027811,0.8109130816565399
226.7408194609892,49.90679269962635,9.165266372789832,0.9198922279317433
230.23699335658208,49.68105938654664,9.409820171524187,0.980480655222135
225.69793317358022,50.10272002131394,11.951633438689418,0.8766430731894503
228.07722227885088,49.89345983206762,11.836908887884828,0.8432665555261655
235.03146404607222,49.76601663285794,7.5085652471072315,0.8885154691865631
227.11554065238425,49.42554755734367,10.109868221999697,0.8096725422097563
234.1784605603257,49.994497018989875,8.580840290501655,0.9640975168960549
224.35146572671192,50.35445031933395,7.482990178649331,0.9652681621900374
232.6490208895764,50.33225184290957,9.565965899151259,0.9176000926859257
237.2078431032895,49.908580748682745,9.383034423088361,0.8706205777876779
217.64177749936354,49.87955758792764,14.853432972691046,0.9599566728891566
226.01552372264763,50.093754851215,10.865919650721393,0.9109374049576735
232.8853606359027,49.80032291216234,7.244764998491526,0.9651864617100032
228.98477306978504,50.060358379963894,8.870451991658115,0.9262917585166042
231.85572936685654,50.153216055676936,12.042766590858797,0.9568810946425594
226.9800740664209,50.245386644776865,14.17688554573985,0.919712598643552
230.4329489373645,49.97996918470401,6.828033375524083,0.8828282136431332
229.2216138230396,49.95926524996461,6.24015122972191,0.9915891719852274
235.83891030829903,49.82440348264869,13.741930350743564,0.9082227649757689
231.27210421650608,49.83462392919203,10.779228354741807,0.9210179037081077
231.68801331037602,49.95470422161969,8.263414536247268,0.8440975278829499
227.94061516938766,50.073473101363234,11.06925817224487,0.9251301578854553
227.56196887963753,50.18271692524665,4.7285045219662445,0.9143215298965888
227.8372090609019,49.83936420986393,10.006751013194322,0.836967679589405
231.9722607118915,50.2985377137919,10.65564234568617,0.8119174194706288
227.8950775958987,49.945775279791484,11.84854027907566,0.9208718639429543
231.44887428448206,49.99572654113031,7.972208095414924,0.9527384538700641
240.3770039932272,49.85055766417044,10.171374322806718,0.9046802741844017
234.35562351715845,49.51515194794541,8.149150747880824,0.8453545250639292
228.3698823391608,50.17680907927221,10.510767511348634,0.933304395338607
236.00606961081974,50.147368779418485,8.209307355273952,0.8160211453219205
227.95962313489224,49.94373448857636,9.183798321679559,0.8883667409603909
219.80937732411073,50.013398143444974,8.008369210419541,0.832673351679684
224.95956844541297,50.10318784354082,11.302272483647315,0.8368918102119767
220.6460403948707,49.68749082862269,11.71690223331333,0.8404587898316408
228.24243257979344,49.89418946453074,9.530758860085172,0.8773414114087956
230.09209189594776,50.158852935924365,10.076475989920057,0.8102300411240796
238.38218656137641,49.74914211536615,7.102817170732912,0.8795586881858197
231.63463686882082,50.058711586433326,9.400646703986427,0.9023414894229402
228.90449735595567,49.72868363907532,9.89959076591651,0.8966588569932651
234.14702790591744,50.093285996486706,15.241586182059951,0.8765568200806082
218.94432345496057,49.9928717035405,7.776065948451673,0.9678293216141505
231.17807279054284,49.6769736368189,12.928354477504875,0.8290653384841009
233.85432596943483,50.23294787089144,11.993717546931617,0.9011393487562748
222.60706877110078,49.853081684640394,10.561272808980274,0.8124082833913109
235.71877021603464,49.83794951259712,13.517240968390267,0.814231135775582
231.69248203747208,50.040113839446185,10.744210945213727,0.9147731699354192
227.923560430496,50.229727469885745,10.778318391335857,0.9132036849775642
233.16390933053142,49.79683563620432,9.893758693964909,0.9756067025688914
241.35346428902199,50.01233596996959,12.447137764837255,0.9115747351320147
230.9093312752925,50.08576330006611,12.192938467621767,0.99195820408097
231.24110293150167,50.13862112145263,8.748645425007576,0.809738969679986
227.70319550229877,50.035288311055446,7.361505610802466,0.8196015369561482
225.75077815267605,49.926594432183336,9.594038725208685,0.8088131723140763
234.15167908272122,49.83448195587025,8.399922871204707,0.837055370066708
225.71958087045567,50.01722877660927,9.87295085076929,0.9082540221883356
230.35783118609697,49.78557219760288,12.474876269368279,0.9291144362854856
227.6117127661744,49.41572990330108,9.08539668982642,0.8091170315897338
232.39489912873196,50.087311960831535,9.91435323737685,0.9891941779691198
231.66831052643474,50.18078696821724,10.11604546961679,0.9684330753300763
235.1876997212895,49.527413512891634,11.696861764410569,0.8593224964314187
227.44991800572626,49.798053859058015,5.50622133203079,0.8154375060452936
228.65062532353315,50.12383085220104,8.786599410469407,0.8339774146438115
225.10618142108845,50.41149909394234,10.422567384558945,0.8253888827509945
227.77853369961943,50.00415874153508,12.400157912853722,0.8246567558597894
231.88650246522425,49.85439941175417,9.01619510498759,0.9037123377331469
233.78494308322675,49.96342071177903,6.246894587916252,0.8491694884986801
225.38917337911187,50.27497528382964,11.239422891932273,0.8716279433058289
234.3480296005283,49.87080716417509,8.729275222348742,0.9979010666768645
236.77818929402474,49.84016159866995,7.620666681819277,0.936862849785069
232.0671745161185,49.90345129556359,8.751309220573551,0.9897961334094003
239.38397906279033,49.80933427834826,9.6309492846883,0.8285113110066231
226.13105400448214,50.024534063198956,8.790510670923574,0.8764278949665139
223.77672648344293,50.32493569169391,5.588867885801862,0.9109463606564708
221.1063987554786,50.064615854623206,11.794132393774264,0.8153516123777477
237.48022155744593,49.94952929957474,12.549750082557445,0.8008374887255916
233.2718282817703,49.94163774621689,11.30304398267901,0.9340868667593836
229.72207664544771,49.68736183826067,7.724628659150367,0.9283639033602871
231.3998431315991,50.17662195542943,9.597016932104964,0.8821577619999224
224.3725547635081,49.98443256059744,9.986957369541084,0.8979288152064065
242.22875989808412,49.96390401728188,11.197588779123821,0.8830886001184179
230.64610590987613,50.63862151356897,11.336680977436162,0.8048010089689778
230.54697397302448,50.059750581673136,8.531652402443008,0.8670743212434925
233.62883311949346,49.849641789980964,10.163991112827121,0.835416451079458
232.40504615868358,49.91472848075889,10.914560809230482,0.8196848378202738
231.11942012139565,50.22968914183935,12.911644644293533,0.99134408677787
226.04762772277343,50.02265408210755,11.409013079649446,0.9198719450084332
232.35734178567998,49.71234440433653,11.578113374751037,0.9457312568473205
239.41012248237516,50.18384578691504,10.167653255858722,0.8630727486532235
236.72710023077488,49.8663711828922,12.820918290407008,0.8786294258988031
237.96593313319698,50.37465955524351,10.819525591918994,0.8473847987793447
227.44392161784407,50.21600961314293,8.277824179652859,0.819393134193085
225.0519758987071,49.91053562086825,12.806739940250381,0.8358063274883167
229.37106539950176,50.25620327234702,11.395806545078056,0.9595028090592972
230.27862456144348,50.01357110210548,9.113911957743035,0.9355091610367552
235.47095759235475,50.170554735024446,9.041014065201514,0.9093857751970954
221.5376768514259,50.09694656345889,10.593151090281523,0.8950179745733536
237.64775159730306,49.83072866900183,10.92636959053517,0.9844868567312249
229.20996050710505,49.87129003353651,10.394584531262414,0.8145469895557337
227.8655946502629,50.205992163516235,10.62261734688577,0.8561201626475832
224.93947812369916,49.93304493357869,13.39991474915276,0.8699875707141429
221.72571664067115,49.9192703073516,12.143086304469772,0.9564851624425575
234.11585291980958,49.80897548413013,10.381271182530048,0.9985029240323943
230.36658983594202,50.084719813118696,11.882621161534967,0.8481341029514307
223.55019550129472,50.41250498384863,7.934952192944921,0.9748614668274161
223.5246061396819,49.786493417149146,10.795854099893617,0.9661245520863583
228.32107650354936,50.00484389133455,13.61861269946622,0.8449314795283533
238.34510762644697,50.28244411108309,9.563908209215253,0.8798665160398446
228.70204324318198,49.98407172175086,8.30473214276183,0.8819345738585038
222.48428523440947,50.090474359249946,8.695822222813879,0.9956441337053117
228.77128467957027,49.78752129437063,7.820733925315223,0.8361783802757797
228.63638215126164,50.08566141944153,8.430476183744593,0.9598315942209564
216.51556678529215,49.96257114699909,9.258983802819943,0.866838542834622
229.72852566741093,50.19714599913597,7.1888659616427155,0.9461740691552321
228.8453273489566,50.23747721031295,10.031236667899206,0.8840022008591326
233.4810318240671,50.51791272840372,11.804554347573294,0.915671952623308
239.24478047472672,50.11592663464271,8.184487639706159,0.9665223546652262
235.6328251477388,50.06515926331643,13.038567847283538,0.9608331129967769
228.65555654722584,50.03887686031547,11.021584177055189,0.9732846367079401
224.46737045629166,49.92936674143786,12.061161171248115,0.8119234650689319
242.8667990162493,50.067696768692336,8.684330892295726,0.938410110607949
230.29609217007243,49.94091971797219,11.709050454133232,0.8279974753443526
230.06964645956472,50.03369219525392,7.816132199209374,0.8831637136036822
229.87937456445,50.26351950712159,11.780495001673017,0.9097176830109377
230.99042380383926,49.79869148694407,10.343678679587063,0.8805478969493662
229.2781979403803,50.227975712225806,11.106502439969567,0.9039223351606015
227.1316899655988,50.26342301346797,7.648810788750296,0.9993052617597238
227.26570529379805,49.97638629460178,8.209860315446791,0.827043462742571
229.83623364892,49.57562902019828,11.19445643650677,0.9350912090672852
227.28287614433117,49.87843560258111,8.103303991551599,0.8792001932771231
226.43577108661418,50.259398909312225,10.926412584198246,0.8266019597814658
230.53215113845948,49.99542638754022,7.2657243870795085,0.831747352674862
228.72511391289572,49.800139553541015,11.696348425333337,0.9898546212491234
237.51996494291345,49.89904501575435,7.534953370462982,0.9759202993423524
216.74515095803494,50.16812400530091,11.104599875359046,0.9814083920830043
235.45753425961232,50.10934671364028,11.251261867292001,0.9983065551654773
236.23042596248814,49.95221358016606,8.60645636314085,0.8416630780017036
219.63304883795925,49.92663511763706,11.164053134169453,0.8710878674728124
228.28656202959826,49.921648370191235,10.520884526667112,0.9338438059849734
228.14279567002103,49.8155179631003,8.922316287614523,0.8967605079721295
222.96244152641088,50.32307513789389,7.982890631847583,0.8836779066756667
226.11091656204562,49.93553590615773,6.074748616654842,0.8715622498671186
224.44712077267084,50.2434317041651,10.699300094599387,0.9187561263886904
238.76135221711812,50.30426321038449,6.870394457275889,0.9151186857280165
234.67839196573732,50.19966217962959,10.190688398882616,0.8322915668128481
236.3577754749708,49.91367593745639,9.473103567835501,0.8943479675036878
233.60836032021618,50.08074601806732,11.35828555087639,0.91069435524197
224.35474114391386,49.99516087872182,9.395909001020271,0.9140573877462781
227.37739866860113,49.819259627853974,9.341104427305817,0.8420214385824704
232.4468728061396,50.06487185634432,11.463741408576592,0.9484542784504574
223.88936095554027,49.76419204176804,10.670116058168235,0.805039818964214
233.56499215086194,50.23753587769231,10.632311914365557,0.8709663711086326
228.7983730092093,49.907076540540324,10.938535179617052,0.9560425297071267
228.125895962252,50.04023193117457,6.928855753585788,0.9127785842110805
233.55479984101746,50.05665757430923,11.513577359973963,0.8522324865021721
232.22131655743019,49.94821900525918,11.224937588027204,0.9389906238686095
228.1951691709046,50.117338760295056,7.966633742847005,0.9134781888312147
235.79664901682125,49.905019268675495,9.511839052651597,0.9592487218912774
224.59468336200052,50.17425945949145,9.921385424744738,0.9470050372379647
233.07967803472133,49.73080406395065,9.731006431196535,0.9220215844072469
232.96550628984193,50.02527591590928,10.66771993313707,0.8976355350621629
228.45226780343006,50.38778579981166,12.862733563662367,0.8266364251335048
231.6306651112106,49.79993373507889,12.163533455345657,0.8522666035770767
223.7444321180735,49.86445100589503,7.3755616131371875,0.883819894583417
234.62013509603452,50.102781569931786,11.244139980612097,0.9198598574012777
229.07548931778504,50.03591635638792,12.65786663907082,0.902741571043061
227.3863848974048,50.07012601985471,10.773617041378404,0.8576369051919059
235.24504612918446,50.097837426029535,12.181960850371933,0.8012928715579422
226.4782815472862,50.126944293712356,14.02454089140153,0.8992478443801628
222.9576935181822,50.22193996839125,12.047419092213962,0.8571251977124487
222.2168541323805,50.081963731385706,10.498617191283458,0.946921660142107
233.0300497567282,49.95174846907629,12.090176948169507,0.8047892530540968
223.5978532375186,50.13451474024055,10.289775666193782,0.9169655622611582
238.77397090992181,50.379976386979045,10.047806086569912,0.9882948475012131
219.59035296058138,49.97347325072349,9.297171528572536,0.8348818534222999
238.4822818414502,49.80509413906587,13.126826717664215,0.8943298981501191
231.0550873360131,50.221416133857396,8.363142668115998,0.8182843983634277
229.51643444064803,49.97592376720928,13.064735449356231,0.9251363824522705
227.27540456595526,49.565466090797194,10.999728247480743,0.9101063361192452
231.99568057176035,50.169484335430084,7.201387650396117,0.8814731048425665
229.81182648787575,49.892934362809214,10.735298585982843,0.9042754042947483
235.51650941008262,49.98189334353917,5.799946984696752,0.979314931693802
230.5711382433102,50.0663960661138,11.251016033662072,0.8392588604622134
230.7515088073094,50.03809993595581,11.770462965977982,0.8045129023410695
228.18193893893073,50.141890363427805,8.815288088695892,0.9723329769398202
229.71527188139467,49.912902725886035,10.247095391911165,0.9154234164775813
231.53900884446028,50.10262115963522,13.908314867500572,0.9781316910923685
221.44915803671688,49.94809066448322,8.988506591476126,0.9193890446826345
223.25907288947144,50.1477620961775,7.8821848258867995,0.9620322179919405
233.71632047011357,50.12307349680261,12.963326804925197,0.8859346726710297
230.8543271906397,49.81291225959108,13.92517438106159,0.9499719862576538
229.0800833182366,50.21719642323501,10.007391343695694,0.9826082933779712
230.09216966532696,49.89280731097719,12.022926070816712,0.9144245927444413
231.73790852680835,50.16161155965623,12.682951831061763,0.8361570301124759
227.3012015984532,50.07345746268027,8.515031534923232,0.8537595230060396
226.10847637298843,50.36763673535903,9.029388329264263,0.8397289153794811
230.9792262754884,49.95530680352563,12.46174902630947,0.8493714055191466
225.10813611192484,49.93013664077636,13.370028557417019,0.8612830898702073
232.04126377857236,49.99611607882245,11.12576172034871,0.9110267573506378
221.4870819788108,49.939364043433145,8.240371292995892,0.9175983258927666
235.1457781866282,50.15998838038841,13.974122223398883,0.8852999494483722
232.36298741206522,49.676737878312686,8.938058204376071,0.9230841559641672
231.28014867156938,49.78926351617073,9.329724437657097,0.8163149851222732
234.91345491972757,49.786439415684164,10.684675668979242,0.8175576474116321
238.32737222231287,50.190061518394714,13.10832084142955,0.8343658920715318
235.07185032509065,50.34212267451638,11.707951953104448,0.903615499608069
220.79562884334177,49.979110156292506,10.829731000723822,0.8427989357396628
223.60211516632148,49.966235655362,10.926577060236212,0.8566568806985155
226.8759071115216,50.014010432622634,10.087029337286932,0.8800625672345989
230.13045525105417,50.23237566052164,11.116279029037013,0.962373224802076
232.58829510234563,49.81452937316188,4.940879844611394,0.802772427182572
226.3712809342327,50.04767379654696,9.406785081860404,0.9298757640473245
230.9338338223854,50.19503952595649,10.482643869833563,0.9337753062081371
226.22308533823337,50.10021883398797,7.697971832760986,0.9597311560713273
226.94241098504025,50.03791632331975,10.77264663562312,0.9865505878120626
222.9666945157589,50.20020921851343,9.591057558027757,0.804027569789858
225.3838337694455,49.459353541400155,13.510951396630979,0.8307567411026433
223.24157697191833,50.13557506390618,13.146039450429713,0.9772342588111986
225.12063373511333,49.869184863374514,9.068388861763674,0.8917037124374031
235.2682089830392,49.63387342062871,9.698324576866609,0.9129181277866927
225.25300555584028,50.102240519904996,9.852104868783215,0.9326054407446295
243.16191032418695,50.274731709032594,9.096681047680754,0.9358133208991275
232.46658950440445,49.972510297074464,10.390049968056253,0.9863480806633016
230.92418061847437,50.190574909440585,8.48343586222482,0.9993898834823339
225.70821109909394,50.32245565159773,7.738769330124947,0.9440314921861881
233.50154939704495,50.262982890716806,11.245422447800538,0.8574442418410302
227.12181086881114,50.327992905874275,11.259059168443622,0.9759504804588688
230.6100490732268,50.14842549821438,8.391368480680015,0.8098441829081524
242.80042269134398,50.01508672778032,11.790710861525199,0.8462161705748993
229.51970050137675,49.67960683762057,8.736844541669337,0.979477143492743
235.74636663142837,49.95078750237401,10.506330476075963,0.8512383028878711
226.48411787437055,49.83135068093676,11.640688025224913,0.8441302119243497
229.8250575475152,50.434188543499566,9.932774870592574,0.8276250586280495
238.85400317817755,49.96482283751353,10.909481824282269,0.9718223515293833
226.86516471106117,50.024640961356894,8.967140712224857,0.9000116518382174
239.06224278998465,50.110297075208095,9.607066833143806,0.9349786406108309
233.53875967727737,50.00872048927449,9.588281138239319,0.847813276815006
227.18766612052866,50.33901020808615,8.506843306919523,0.9516080842022433
233.1620386952776,49.87547012765311,9.646451673768436,0.9520011089924197
234.86277224813364,50.03892149104745,6.902763402272507,0.86251960498166
233.10904981108598,49.85150588286039,9.017692505715791,0.8821365266020565
222.14887640054772,49.73599549775586,9.430249013260658,0.8419380554860402
226.36431412087566,49.877646181818946,9.48764049500924,0.9953122046645808
228.76240682224247,49.99259264059032,9.517005108258441,0.9291205154116824
229.62783285449976,49.91413955509655,9.876471600279743,0.9869087761431031
233.10336048775338,49.86151580402523,10.958883036172129,0.8606771087258267
230.88850500466626,49.71873650726563,11.749034148265045,0.956378182599378
223.3232782064495,49.98337888547426,8.700469546303466,0.9531717287769484
231.90098925502983,49.6990559251938,7.5935982892217115,0.9383311303733083
233.0529287264191,50.15201119273792,7.915911175513794,0.9931277950533601
232.7989522396552,50.0164879505869,9.025594157610145,0.8787110672212631
235.4039036277731,49.708489700107016,9.296157364366982,0.8261434647179515
234.16961077274453,49.93815818459003,8.460007867605086,0.9343417718488122
232.29590039614217,49.84956871888188,7.407766671500211,0.9458619600954412
229.64917144270677,50.06383490208383,9.087758345051624,0.9150121146917629
221.69519533242004,50.26809008920463,10.362853240227942,0.8413635786266793
232.14809109566292,49.62496550607085,11.19005893167113,0.900891188333871
231.03843843581555,50.023005215829485,8.885153893783357,0.862437947313826
231.35789418597687,49.967973440886674,9.174004355713132,0.8854933056333378
223.61625712089847,50.13426801529009,8.14660338230538,0.9290437151689328
224.59471729795868,50.042639325647535,9.937121659250447,0.949042948538167
235.26576426666452,49.84960613365224,8.30314273161837,0.8464449381802687
229.80222423071672,49.93618921286668,11.1462556264824,0.8810650721293907
233.40750348686313,49.840794828639304,6.428267016131778,0.8538323141983258
230.1415918806523,50.21520142771972,9.280740655095075,0.8397263227723739
230.1487806974787,50.00426232973439,10.602214678383485,0.9566774439991677
234.69141902988,50.3802381371506,10.367669032645008,0.9818505388873985
227.41977635891314,49.987867837237076,15.386067327960994,0.8740464371369154
230.48060388470492,49.85831864661791,10.699600049135816,0.9502557848747534
227.6886235564748,49.697257121477435,7.991890806315979,0.9793990578728822
227.82751886283842,49.63937206474881,9.809071505821853,0.9692248421060463
228.4541393826568,49.683172811398904,6.4475073330670964,0.8365626777078452
231.11066885816857,50.053425330202295,9.838800501406478,0.9912583763026723
227.60625689168262,50.101745004645984,8.333887885998482,0.8753352880858926
236.2787806278676,49.683761859593574,11.830780551120323,0.8678481322347673
225.52696348890248,50.17900766281522,8.90091945080893,0.8124862654555561
229.06564177919321,49.90338778966331,9.766468168409506,0.8972347308209766
227.80134470862913,50.02935860239711,8.728884317191193,0.8218027231281858
237.23488942176866,50.32244412565108,13.477702703706662,0.8497079641854852
230.98277388255786,50.179367863173105,9.357514467764176,0.8633885243534563
235.15922269734318,49.946293870418835,13.665114086958404,0.9617652646983368
222.57219813481515,49.82176155491694,11.628303524236532,0.9750977300791793
231.3352513293463,49.56963691973414,10.964133454670772,0.8604932634922939
234.44815397811718,49.85616933615152,10.73746629463504,0.9717396242489148
230.41141994637712,49.95777395223446,10.787594596432504,0.9714461874739582
235.32740187532676,49.80256409456976,6.14465484130878,0.9529301900769747
227.41355774949812,49.97374860658154,9.442233211698486,0.8293390228030364
237.0467372009279,50.015370376591754,11.690315942368644,0.9380645693801458
241.49449061809625,49.955028803638385,9.90220563305179,0.9890048129161138
228.1858071978017,49.86999948383531,7.18962030639285,0.9365080957534314
227.77248739299614,50.03373093439335,9.89519109884506,0.8663233698215669
237.26692238558851,50.08838812991388,13.408211032510982,0.9001158634861662
237.89786072865357,49.78192018451143,12.493783431069438,0.9291450086702108
227.38569986423366,50.28218647594925,9.875991981267937,0.9021140817457007
227.89906591452072,49.98028237354315,11.902898554116174,0.823990588346194
228.59107695569747,50.00376992458897,9.266985959263897,0.8624128089304042
223.2777474448286,50.14164288465131,6.592256826346562,0.9604792061107266
225.406740267579,50.0466432262527,8.15106802374089,0.9722836092191035
224.97929616623966,50.190627326782646,13.125777537016395,0.8274600065431141
226.16101217447937,50.057424833040365,9.452013836341392,0.990477350479745
229.8265755630661,49.877512525071914,9.513232041249964,0.8657645235697219
231.1710736626826,50.07230070504122,9.40032360745024,0.932462747746144
237.75250246407037,49.77125475853587,13.808273179146013,0.9503650291913363
225.00822979630604,50.0217119411553,13.251917830724127,0.9623892469275767
234.9216119923829,49.99335400187111,14.437560466896269,0.989149940445186
228.93005577887246,49.958376628545494,9.681909579199898,0.8625839096057646
229.75268145173783,49.97429249771221,10.59124897749419,0.9717012909103109
233.374097460833,49.62363019090047,6.966714901158418,0.8263373806872415
224.3863898921885,49.89025501845181,12.95386885223655,0.9410081812707185
231.91204873092025,50.018568980228224,7.6644408974641305,0.9483955459027972
230.8322610410653,50.03197127839948,10.433551127525257,0.9355446482402641
232.46225632004075,49.79446497181481,7.805394944734312,0.8504629472270306
231.44584321953909,50.25314156817294,8.822266346522607,0.9746086294030407
242.27650069955448,49.8267650303571,8.3254751379006,0.833771692674079
226.81130007874341,50.19389144010535,8.784249478648364,0.8107269583041662
227.3450152249909,50.08543887237434,8.921754593702042,0.9434929981223824
226.88429736787617,49.87075453803124,8.903462410149846,0.8950951430465468
227.22261440419874,50.355062178521905,11.666667823560614,0.9698196039917353
226.81306436346742,49.7612726336487,7.790274413874959,0.8766794282116518
235.94508265553776,50.183830834722,10.441082854027734,0.8336557177015426
237.10252123994928,50.200116463608595,12.435918304611118,0.967288438493974
227.14626853125262,49.865875958184674,8.973607270973208,0.9097819263280144
225.83822213447885,50.27849306001286,8.564162218504796,0.837839158478071
232.35707778193202,49.94999069708021,9.538950749639499,0.9440767997172892
227.23888477859515,50.05773872585597,12.35945041672142,0.9022227276979001
233.16465908877754,50.05206436775424,10.388215261906716,0.920862596448064
231.0146151042565,49.97313825170589,8.937571410784804,0.8921796676413164
222.42127942501384,50.16216165463196,10.96775330237608,0.9657417967636013
237.7375260066503,50.15869774411044,7.795415700327153,0.96591254313661
238.9793883654776,49.65029360535237,11.362719020885896,0.9418777643648772
226.93605654757806,50.26086804857563,10.817214615403536,0.8210802754792925
228.0614922003201,49.66750160239287,9.384383057722232,0.9677707723808138
231.42932695362452,50.20650924086833,8.322828403105538,0.934202596106582
231.67228394993512,50.225341027365516,8.226638155433086,0.9394048332008599
233.29272136336417,49.78180671395696,11.069634672691821,0.8725965680807743
240.05102269383175,49.917837142409084,12.457961004978124,0.9758559112314014
229.11526386252976,49.778859066302815,8.72538450594241,0.9450743200469716
226.00851377730774,49.957015793942254,10.91677340710297,0.8225180933058389
223.10340385992737,49.93839314316285,5.8259459627958625,0.8815556068812326
226.3453498002904,50.15593210645387,8.830764538685601,0.9772760723920284
229.834365135631,50.262061749223925,9.937882134258196,0.8094393403394758
238.97278931758893,50.27913676215799,8.180633166036333,0.9922833239284099
227.41194350481913,49.88756639468434,8.126987250420807,0.9358325136639125
231.1189397581945,49.958155625251095,8.664440887062227,0.9262751955286753
229.91788551963623,49.66331236155581,10.584385456652747,0.8541118512975983
235.9419663672404,49.83882598670076,9.625341963187251,0.8497583577478355
242.6346621293681,50.192970326619495,5.523537533350056,0.9884116438977191
227.3456561353984,50.32311656470964,5.758599694729868,0.8596544908468245
227.5528027874089,49.75313022562401,8.78626964428565,0.9551010593437999
235.22080438534536,49.88150714816942,10.915373172107104,0.8786243596414158
233.40945744813155,49.994718848608215,4.504990314549531,0.8278508141569408
239.23353662868016,50.05603223176392,9.000539647696739,0.8021430595390718
232.91964092662982,49.83807929601567,8.947504286965158,0.9088514674030502
228.2035395460647,50.08481220889282,12.776675556416896,0.9951557637097865
232.95327415346154,49.905232130585816,9.229956376574272,0.8738272387618409
235.54351790291454,49.997109545824344,10.765977969481856,0.871438466798609
234.10241090598683,50.10925684960074,10.282514280174926,0.8688183235698884
232.5363701555365,50.001284453962185,5.738867040385599,0.9041087674609717
235.33337344794577,49.91272282189469,11.536414433263474,0.8881329766848587
235.84647795222835,49.978078039214836,10.430793010912575,0.9759829253454029
236.91079495518764,49.98232740815893,11.01653727934918,0.901104158344698
233.24354943794822,49.92599779402357,17.852475412872653,0.9015515676377138
229.16440959841572,49.94824078746658,5.831774121002823,0.8276743189441114
230.7335684321666,50.31972943410094,13.449393299522217,0.9965479081820772
236.0325448325418,50.112183889588245,9.425104961199288,0.849994578173766
225.9153216450638,49.940903936394164,10.574657808806018,0.8146728134919206
231.8433665443645,50.13939088090215,9.908975509397516,0.9326292497950418
228.03330593836318,49.933236102048795,9.151527333203912,0.9190732740313745
230.1437241146741,50.23462492751733,8.860334143522483,0.8830291307985492
236.3922593130365,50.073928438439616,10.659017471146019,0.8844384467761356
230.9554953400995,49.97853957119916,6.965652606656642,0.9570127842092863
230.23218274078076,50.08954338516205,11.501158335043531,0.8391425280199298
223.2007192951004,49.6858247695863,9.167611190229492,0.964050663788978
233.7312678301361,49.77464650621804,7.739861321919284,0.9297494227790036
233.22742090570537,49.76121499872019,9.099974284008372,0.8837939547559049
240.8162736165273,50.02858861895274,12.514298433725145,0.8916057233167738
228.461108825235,50.34650299989702,8.929329825967553,0.8513294414372192
231.09575163831968,50.44626002923852,10.71690723641924,0.950422866539395
231.24691841855378,50.127610220288155,8.538087448569053,0.9025749484610536
237.88726639881736,50.10016889498889,11.515843699847238,0.8641709085499687
229.52352233806525,49.63978845316945,11.371015477580409,0.91921002315219
231.3951076288517,49.89146524005319,13.697217666592824,0.9991468904102646
233.0394825485827,49.842443249618356,9.64887210900157,0.8870524559313108
230.9330456157818,49.87583048034978,11.337309609515813,0.9841382801557239
227.76783192724736,49.966371236283045,10.196135079077889,0.8690033679849133
230.97044996449154,49.905581884460574,12.591743563726029,0.8109465413849972
235.36815874929886,49.60414003792484,8.56233522478254,0.8408484212736858
224.8674235029447,50.149582051223504,11.490010625754563,0.8837390286655369
230.66484837073438,49.78545139485204,9.610605407766636,0.8439269857189138
226.49939592530413,50.04784937282223,9.871623645783005,0.8000454076436512
235.9752331446242,50.414816533949995,10.183504968896745,0.9830003075495055
222.38406547608113,49.81612308168272,10.504480792853355,0.9687758822461858
227.20539076364207,49.49394249545073,9.767541913756084,0.9484584462973894
231.88605937532262,49.94279915562398,10.429426366341053,0.8335629191292058
237.8276201461717,50.22019192699972,13.156236115124369,0.8240727152419972
229.67124869463507,50.391669490844116,11.970899371230438,0.8135209498944767
227.224002366534,49.75409008110952,11.738309184993794,0.9448058377545843
239.40578534720294,50.099339844647304,9.088920947952259,0.9857615921375771
222.7599304979188,49.90693790864399,8.221518343543352,0.8861071641826074
219.00597021689958,49.97881032913917,11.910601116475506,0.8238281343992097
232.20007225026666,50.52886866940341,11.752093585059589,0.9024785641464214
227.48972887823695,49.69940593432097,12.945341351501964,0.869766381491726
224.89383591434643,50.05074793229891,8.792038748061541,0.8749649848699996
233.54178223649677,50.09353863435309,9.540902689279307,0.9242661248311415
231.21900356885598,50.21715726498787,6.721031674949131,0.9437436226524405
227.17960684631635,50.01959663069418,9.215057787878255,0.8221207197746322
223.59847800664554,50.06161010790082,11.993141021158895,0.8071180461612953
234.36228664140071,49.92167028651564,9.067009241543603,0.998866060537143
233.2510058897933,50.053825388249024,11.280959590401647,0.8465456697831104
229.50412068110307,49.93136154490052,9.618993788004378,0.8107661049816919
239.23318498023832,50.12431437797121,10.648114056443122,0.837975065819184
224.64957616836924,49.92607793279127,7.704617220368665,0.8077915692696929
222.3723741453763,50.07542007878044,10.170418899267801,0.8783621789234344
226.5404596505938,49.994147437263,4.0177280581985535,0.9604803568902649
229.7720699182225,50.22521005015443,9.62620768367603,0.8682488899515441
231.21669724661345,49.989721255282305,6.73905351256972,0.8888366813756733
228.79381971071834,49.64539350635862,12.411989033093633,0.9351173547134878
231.7602769825715,50.2523843001428,11.554814705529022,0.9017788140139761
223.74230287904777,49.81885353982748,10.933341963932161,0.9722891372042648
237.2188230203663,49.869246732270234,13.04201245431876,0.9732071350091513
229.58924410803715,49.8808677411913,8.102166958350326,0.8019821390982308
235.58647915794063,50.27488761863416,13.494726395831115,0.9556092612966398
231.71362673188852,49.57286515720426,11.86438312852077,0.8921467200483348
232.28376609576893,50.627549706732,9.526889425562107,0.9977681082607326
232.848836401161,50.21121136181321,12.271240294365889,0.896646415175087
232.23854280008658,50.044647782825834,7.787412975176732,0.9973791890776595
233.2136137993377,49.989021199876746,8.350971676944653,0.9509138722411473
236.64576265066216,50.05711081497153,8.7828205535206,0.8497209769226612
230.98260584850735,50.104224485675864,8.942044583871969,0.9076789958573915
233.54501878794255,50.12904311719001,7.8868847144794945,0.9984271278957165
229.55132152856388,50.11112089320069,12.44616613419065,0.9715061215503847
237.20058607724735,50.01791613625105,9.482291199260336,0.8194733787582442
226.61803848970365,49.960532315938536,10.70500993671376,0.9412743993619992
239.0047021645541,49.969745343269295,8.85929726717264,0.8691159171741627
229.79921024677827,49.96101834392947,6.358793398902966,0.8013964523760697
222.84612448940976,50.226754019373416,10.540114716782844,0.8806961938054
230.64052207455396,50.11871134445617,6.175490049160446,0.8469508843449943
226.5947417126256,49.41192227306714,9.862731907829064,0.9637738541040943
234.20321774494363,50.131180155305955,7.263369922334379,0.8674661217691532
226.73688010348803,50.038947238943756,13.974551998461616,0.9655047387907634
227.7690828339261,49.996258248710824,11.822725444349443,0.8001195877669591
220.55229634527234,49.922296309382226,10.21150758254296,0.8615638300052239
227.7384684037546,50.224822543997206,12.527413355309337,0.8482330428615524
217.8806033668552,50.18950529242457,8.307368045068529,0.8467134722137222
222.0804858825714,49.845424466435276,11.086958757340186,0.8136373239530926
233.8020732807215,50.08141045742491,10.399620867437427,0.8374248540821003
233.92900079325415,49.80566865309174,10.52804016266734,0.911109913977124
232.12728780892482,49.724076367042215,12.544707000213535,0.858272214567549
225.16511928435392,49.874656555082005,11.464984205559604,0.8834789564658296
229.7614432192901,50.17247869447655,10.577447325650047,0.8753733760694378
229.98198730454715,50.19062500907522,6.690225127543408,0.975180984999979
224.2081765540373,50.10261708401946,8.079907409441073,0.9810597998021031
237.51699150883576,50.145019157369596,9.754582132808551,0.8985913943311721
234.38681145287836,50.10323565742299,10.186744748553302,0.8660311900631209
228.8951791308517,49.87170368095541,7.739592550652152,0.8213601408004728
230.13442919497265,50.086384508934785,14.823353351156843,0.990680575876419
231.04191403973778,50.16008190504554,13.032788110507145,0.8120453889800595
219.79132565787856,50.15085826596272,11.204236640784966,0.8595300555136561
228.76411308739702,50.23778267429493,10.144073722567489,0.8596132402340009
226.590078760011,50.141660769440215,9.575582060197696,0.864080257228043
224.9918999505254,50.07028964150832,8.096163079955529,0.8328573686544819
228.59449853557024,50.214030047663286,10.154961037037726,0.9566322861847394
238.9884326342476,49.994695748150185,10.515505080285502,0.8244995723931979
233.20421430633505,49.823625069754456,7.516478849036751,0.9269813318306326
227.14410505108603,49.967386607211246,10.668352834489795,0.8247692053411635
232.8629139067808,49.85101947103871,9.689481902350503,0.8141071275185914
