Datetime,Load
2025-01-01 00:00:00,524.8357076505616
2025-01-01 01:00:00,497.4517529811898
2025-01-01 02:00:00,541.1060424693549
2025-01-01 03:00:00,589.2131307395281
2025-01-01 04:00:00,505.66909340436354
2025-01-01 05:00:00,509.9519148783302
2025-01-01 06:00:00,604.8601180879059
2025-01-01 07:00:00,568.4625586955442
2025-01-01 08:00:00,510.75108865085303
2025-01-01 09:00:00,565.421556404973
2025-01-01 10:00:00,519.1184205751313
2025-01-01 11:00:00,522.9179565267973
2025-01-01 12:00:00,562.1296217229512
2025-01-01 13:00:00,458.0991896401153
2025-01-01 14:00:00,471.1465203989409
2025-01-01 15:00:00,532.7978441260796
2025-01-01 16:00:00,513.6743620772435
2025-01-01 17:00:00,583.3093830334643
2025-01-01 18:00:00,525.3480573018303
2025-01-01 19:00:00,503.15145823151187
2025-01-01 20:00:00,649.9258497678907
2025-01-01 21:00:00,568.0852664203333
2025-01-01 22:00:00,585.3298586896301
2025-01-01 23:00:00,513.1391862457249
2025-01-02 00:00:00,559.4197675116155
2025-01-02 01:00:00,594.2821900665128
2025-01-02 02:00:00,533.1143896080484
2025-01-02 03:00:00,611.2041531751486
2025-01-02 04:00:00,563.9663316845966
2025-01-02 05:00:00,580.8134128364374
2025-01-02 06:00:00,566.5307557150379
2025-01-02 07:00:00,690.2638116786345
2025-01-02 08:00:00,597.8227168058404
2025-01-02 09:00:00,546.2719508056084
2025-01-02 10:00:00,640.7556477503659
2025-01-02 11:00:00,538.8672125792771
2025-01-02 12:00:00,610.4431201719349
2025-01-02 13:00:00,501.9163593850184
2025-01-02 14:00:00,533.200058867802
2025-01-02 15:00:00,608.9720431764069
2025-01-02 16:00:00,635.3829704911232
2025-01-02 17:00:00,606.1710315951377
2025-01-02 18:00:00,590.7771290580353
2025-01-02 19:00:00,580.2772219487845
2025-01-02 20:00:00,519.9974478408551
2025-01-02 21:00:00,556.3434402226022
2025-01-02 22:00:00,567.5398048830805
2025-01-02 23:00:00,641.491299401589
2025-01-03 00:00:00,603.7105905670828
2025-01-03 01:00:00,496.1072131902801
2025-01-03 02:00:00,598.0323491180376
2025-01-03 03:00:00,559.9869852510088
2025-01-03 04:00:00,542.6568982587972
2025-01-03 05:00:00,604.2028814734925
2025-01-03 06:00:00,622.1447790270744
2025-01-03 07:00:00,613.9999767037478
2025-01-03 08:00:00,522.1877157826335
2025-01-03 09:00:00,545.2783141085416
2025-01-03 10:00:00,573.7766646924272
2025-01-03 11:00:00,602.3562491672106
2025-01-03 12:00:00,525.8836481707701
2025-01-03 13:00:00,536.727768825443
2025-01-03 14:00:00,486.77462078584
2025-01-03 15:00:00,478.2814554147733
2025-01-03 16:00:00,574.6458841932055
2025-01-03 17:00:00,597.6945527063067
2025-01-03 18:00:00,522.0880411940875
2025-01-03 19:00:00,571.6222205771335
2025-01-03 20:00:00,535.2435257236122
2025-01-03 21:00:00,480.58917179897827
2025-01-03 22:00:00,526.5738893810128
2025-01-03 23:00:00,581.0486764469479
2025-01-04 00:00:00,497.99038045187007
2025-01-04 01:00:00,573.6491156394364
2025-01-04 02:00:00,360.0736643419762
2025-01-04 03:00:00,527.8170711649411
2025-01-04 04:00:00,486.7606364242934
2025-01-04 05:00:00,463.17778593901573
2025-01-04 06:00:00,478.47775491852207
2025-01-04 07:00:00,370.3226044926901
2025-01-04 08:00:00,454.58654591084786
2025-01-04 09:00:00,479.3604892601878
2025-01-04 10:00:00,531.4076628536508
2025-01-04 11:00:00,427.68853855685506
2025-01-04 12:00:00,409.3549020923927
2025-01-04 13:00:00,420.9649931354048
2025-01-04 14:00:00,488.1990485054864
2025-01-04 15:00:00,455.35233753148145
2025-01-04 16:00:00,409.0290521140524
2025-01-04 17:00:00,457.90563178134937
2025-01-04 18:00:00,433.95049542346874
2025-01-04 19:00:00,474.5183815527489
2025-01-04 20:00:00,388.11388623924216
2025-01-04 21:00:00,404.1102073703482
2025-01-04 22:00:00,398.31623669289525
2025-01-04 23:00:00,342.33068460004426
2025-01-05 00:00:00,428.05829540992335
2025-01-05 01:00:00,424.2162534769836
2025-01-05 02:00:00,409.4997114336431
2025-01-05 03:00:00,395.76822995229486
2025-01-05 04:00:00,335.15892591607167
2025-01-05 05:00:00,383.5043946301959
2025-01-05 06:00:00,386.1921051957517
2025-01-05 07:00:00,362.1894145932809
2025-01-05 08:00:00,393.4006692879204
2025-01-05 09:00:00,421.01700232756184
2025-01-05 10:00:00,494.6623269379846
2025-01-05 11:00:00,408.8104422593762
2025-01-05 12:00:00,412.8780557404375
2025-01-05 13:00:00,396.387844280519
2025-01-05 14:00:00,304.47159351920106
2025-01-05 15:00:00,399.5743131898179
2025-01-05 16:00:00,404.59027484161044
2025-01-05 17:00:00,525.6072382058992
2025-01-05 18:00:00,393.8794119607162
2025-01-05 19:00:00,419.8111083655882
2025-01-05 20:00:00,404.41603064113207
2025-01-05 21:00:00,349.31448918819024
2025-01-05 22:00:00,466.6621540315067
2025-01-05 23:00:00,449.062758492672
2025-01-06 00:00:00,453.1315613358843
2025-01-06 01:00:00,370.3891825014181
2025-01-06 02:00:00,488.4372527199139
2025-01-06 03:00:00,350.79970744530084
2025-01-06 04:00:00,452.9806340970314
2025-01-06 05:00:00,536.051641413698
2025-01-06 06:00:00,380.033175490186
2025-01-06 07:00:00,404.4105098452453
2025-01-06 08:00:00,441.0016082098635
2025-01-06 09:00:00,414.26086157783027
2025-01-06 10:00:00,365.43252692133206
2025-01-06 11:00:00,450.0336203626817
2025-01-06 12:00:00,397.23183989406175
2025-01-06 13:00:00,477.8628497189737
2025-01-06 14:00:00,412.13555515031015
2025-01-06 15:00:00,539.6068827944038
2025-01-06 16:00:00,427.0231193301187
2025-01-06 17:00:00,454.22278630017655
2025-01-06 18:00:00,515.1983660731789
2025-01-06 19:00:00,417.22449775427646
2025-01-06 20:00:00,494.4263917255649
2025-01-06 21:00:00,552.7285177981853
2025-01-06 22:00:00,411.33927615789366
2025-01-06 23:00:00,505.30298448403335
2025-01-07 00:00:00,513.4307738571268
2025-01-07 01:00:00,543.8922880075417
2025-01-07 02:00:00,447.3089671928421
2025-01-07 03:00:00,447.47157624760445
2025-01-07 04:00:00,543.9036662687986
2025-01-07 05:00:00,536.9340597642832
2025-01-07 06:00:00,538.8456085727887
2025-01-07 07:00:00,547.8293433787231
2025-01-07 08:00:00,500.63351126626833
2025-01-07 09:00:00,550.3092257852238
2025-01-07 10:00:00,557.3381947116342
2025-01-07 11:00:00,510.87366480747073
2025-01-07 12:00:00,643.6978135747751
2025-01-07 13:00:00,577.822496417004
2025-01-07 14:00:00,498.1842534757203
2025-01-07 15:00:00,594.0856045983667
2025-01-07 16:00:00,515.9155664472331
2025-01-07 17:00:00,607.2723705808636
2025-01-07 18:00:00,628.9869440161933
2025-01-07 19:00:00,533.0266244390095
2025-01-07 20:00:00,625.0919473040386
2025-01-07 21:00:00,600.2779565519348
2025-01-07 22:00:00,623.3058796384707
2025-01-07 23:00:00,679.4497868444488
2025-01-08 00:00:00,574.5867138861688
2025-01-08 01:00:00,551.2497280469737
2025-01-08 02:00:00,546.371700269757
2025-01-08 03:00:00,551.7946193609464
2025-01-08 04:00:00,590.2912739371391
2025-01-08 05:00:00,612.5857218744402
2025-01-08 06:00:00,610.5623308308495
2025-01-08 07:00:00,639.102238241638
2025-01-08 08:00:00,599.2221371647961
2025-01-08 09:00:00,671.8898148864401
2025-01-08 10:00:00,586.4322174943418
2025-01-08 11:00:00,735.9354837785002
2025-01-08 12:00:00,631.2818779342298
2025-01-08 13:00:00,557.0215003612
2025-01-08 14:00:00,546.0252305445373
2025-01-08 15:00:00,623.1941531180403
2025-01-08 16:00:00,587.2092214517621
2025-01-08 17:00:00,633.2066770335598
2025-01-08 18:00:00,620.1069576952193
2025-01-08 19:00:00,591.5582110770667
2025-01-08 20:00:00,551.4330811785178
2025-01-08 21:00:00,516.4247662896232
2025-01-08 22:00:00,568.0600511074389
2025-01-08 23:00:00,631.252115933062
2025-01-09 00:00:00,597.0146712497833
2025-01-09 01:00:00,521.7363285834352
2025-01-09 02:00:00,590.2354318826336
2025-01-09 03:00:00,598.2398714965116
2025-01-09 04:00:00,532.0282071394008
2025-01-09 05:00:00,581.0091178366679
2025-01-09 06:00:00,573.195313790991
2025-01-09 07:00:00,509.96440106132195
2025-01-09 08:00:00,581.7023912126158
2025-01-09 09:00:00,588.4307161796266
2025-01-09 10:00:00,611.0074002467675
2025-01-09 11:00:00,605.899912053537
2025-01-09 12:00:00,480.5798837192516
2025-01-09 13:00:00,498.73135559640554
2025-01-09 14:00:00,567.446660476132
2025-01-09 15:00:00,563.3770052468271
2025-01-09 16:00:00,559.3610621805055
2025-01-09 17:00:00,722.1021575993101
2025-01-09 18:00:00,553.8108464197276
2025-01-09 19:00:00,577.797177975892
2025-01-09 20:00:00,564.4314929407396
2025-01-09 21:00:00,544.9815826766062
2025-01-09 22:00:00,492.3055133945478
2025-01-09 23:00:00,541.6590110609206
2025-01-10 00:00:00,460.7037906574555
2025-01-10 01:00:00,483.13987086042727
2025-01-10 02:00:00,466.3579412308875
2025-01-10 03:00:00,490.3830115373895
2025-01-10 04:00:00,597.7115542162613
2025-01-10 05:00:00,384.33903996494075
2025-01-10 06:00:00,507.7814867686305
2025-01-10 07:00:00,388.64943581409347
2025-01-10 08:00:00,441.56393679572716
2025-01-10 09:00:00,515.5497717473042
2025-01-10 10:00:00,460.3321016906813
2025-01-10 11:00:00,399.32846228149276
2025-01-10 12:00:00,413.63729652783644
2025-01-10 13:00:00,479.6655993911315
2025-01-10 14:00:00,405.55414437100734
2025-01-10 15:00:00,449.39259106861675
2025-01-10 16:00:00,437.46253791280986
2025-01-10 17:00:00,399.341765422252
2025-01-10 18:00:00,535.986595055676
2025-01-10 19:00:00,457.4886913695582
2025-01-10 20:00:00,321.6804146862698
2025-01-10 21:00:00,429.55196020799036
2025-01-10 22:00:00,384.5836809350744
2025-01-10 23:00:00,457.89536258381037
2025-01-11 00:00:00,373.4098561281383
2025-01-11 01:00:00,405.22703942387415
2025-01-11 02:00:00,434.31091484812356
2025-01-11 03:00:00,450.6203471540957
2025-01-11 04:00:00,345.76544653922116
2025-01-11 05:00:00,387.6824864844126
2025-01-11 06:00:00,379.46978272123675
2025-01-11 07:00:00,369.54457460646563
2025-01-11 08:00:00,489.6641418212927
2025-01-11 09:00:00,421.00887687982504
2025-01-11 10:00:00,337.2731271231748
2025-01-11 11:00:00,445.9579711153808
2025-01-11 12:00:00,506.11072917355483
2025-01-11 13:00:00,451.75484264606695
2025-01-11 14:00:00,324.482111099059
2025-01-11 15:00:00,376.74769687884003
2025-01-11 16:00:00,465.0025405948493
2025-01-11 17:00:00,367.15855422184603
2025-01-11 18:00:00,425.8038179570357
2025-01-11 19:00:00,443.59910174932133
2025-01-11 20:00:00,359.95677007647737
2025-01-11 21:00:00,404.9415253726621
2025-01-11 22:00:00,247.64445307168128
2025-01-11 23:00:00,360.4505801321676
2025-01-12 00:00:00,401.17207173613036
2025-01-12 01:00:00,353.70615109950785
2025-01-12 02:00:00,500.170645657816
2025-01-12 03:00:00,349.65304190776476
2025-01-12 04:00:00,401.9182016489115
2025-01-12 05:00:00,433.3627931383549
2025-01-12 06:00:00,501.93425196540244
2025-01-12 07:00:00,361.25598408773305
2025-01-12 08:00:00,494.5134054115024
2025-01-12 09:00:00,440.294316886621
2025-01-12 10:00:00,394.2494637820564
2025-01-12 11:00:00,470.0803367991347
2025-01-12 12:00:00,460.67949071942945
2025-01-12 13:00:00,424.56093021986
2025-01-12 14:00:00,461.9937418849399
2025-01-12 15:00:00,443.2489218404713
2025-01-12 16:00:00,472.2728877730169
2025-01-12 17:00:00,503.84964592315646
2025-01-12 18:00:00,554.2458142583591
2025-01-12 19:00:00,417.3038197305411
2025-01-12 20:00:00,590.135543951568
2025-01-12 21:00:00,390.2002488761281
2025-01-12 22:00:00,484.5593945679939
2025-01-12 23:00:00,525.9234863797525
2025-01-13 00:00:00,514.9228533517206
2025-01-13 01:00:00,474.1022532726183
2025-01-13 02:00:00,499.1851028223226
2025-01-13 03:00:00,489.27687188031587
2025-01-13 04:00:00,488.76783650505894
2025-01-13 05:00:00,564.9905732826709
2025-01-13 06:00:00,544.592727286738
2025-01-13 07:00:00,496.276982191272
2025-01-13 08:00:00,580.0240202020024
2025-01-13 09:00:00,554.4637659218471
2025-01-13 10:00:00,583.72212903703
2025-01-13 11:00:00,578.4585810452121
2025-01-13 12:00:00,509.3359562936215
2025-01-13 13:00:00,526.4884148537707
2025-01-13 14:00:00,595.4700239087789
2025-01-13 15:00:00,592.120973132825
2025-01-13 16:00:00,563.9370695776074
2025-01-13 17:00:00,574.104338687938
2025-01-13 18:00:00,635.2469591362997
2025-01-13 19:00:00,544.7748560029964
2025-01-13 20:00:00,604.5562728784614
2025-01-13 21:00:00,569.7925880257723
2025-01-13 22:00:00,571.5666674608068
2025-01-13 23:00:00,639.7809093717777
2025-01-14 00:00:00,628.3424971697542
2025-01-14 01:00:00,629.8107981711102
2025-01-14 02:00:00,656.3029833719344
2025-01-14 03:00:00,593.7994419039987
2025-01-14 04:00:00,628.3903062968745
2025-01-14 05:00:00,580.1429868650521
2025-01-14 06:00:00,613.0459689085216
2025-01-14 07:00:00,591.3272329335759
2025-01-14 08:00:00,603.4944260698991
2025-01-14 09:00:00,629.0246845748014
2025-01-14 10:00:00,558.7887818884058
2025-01-14 11:00:00,704.5621144928948
2025-01-14 12:00:00,549.694305120823
2025-01-14 13:00:00,539.1475559424428
2025-01-14 14:00:00,657.4339949553336
2025-01-14 15:00:00,638.593329244435
2025-01-14 16:00:00,629.5091951348535
2025-01-14 17:00:00,628.8261036183793
2025-01-14 18:00:00,595.7164323851594
2025-01-14 19:00:00,550.2023731331118
2025-01-14 20:00:00,597.410426933859
2025-01-14 21:00:00,558.1387616609765
2025-01-14 22:00:00,638.954117453569
2025-01-14 23:00:00,580.8746093060666
2025-01-15 00:00:00,544.8137866559553
2025-01-15 01:00:00,567.7164200910129
2025-01-15 02:00:00,601.9696379895162
2025-01-15 03:00:00,550.5191724665074
2025-01-15 04:00:00,534.8266866894558
2025-01-15 05:00:00,585.2096207194654
2025-01-15 06:00:00,582.2219414073415
2025-01-15 07:00:00,541.4414228795563
2025-01-15 08:00:00,539.9243225686156
2025-01-15 09:00:00,571.6453923237341
2025-01-15 10:00:00,484.09088203978354
2025-01-15 11:00:00,482.4664229271298
2025-01-15 12:00:00,513.161190088338
2025-01-15 13:00:00,534.561270143783
2025-01-15 14:00:00,556.8430081107549
2025-01-15 15:00:00,611.0507211138824
2025-01-15 16:00:00,576.08010306661
2025-01-15 17:00:00,521.0511265950302
2025-01-15 18:00:00,523.892802398772
2025-01-15 19:00:00,470.465347293451
2025-01-15 20:00:00,515.3751092766006
2025-01-15 21:00:00,497.54571211187425
2025-01-15 22:00:00,523.7696163291924
2025-01-15 23:00:00,461.91263402950693
2025-01-16 00:00:00,524.8757585599731
2025-01-16 01:00:00,571.1817108874161
2025-01-16 02:00:00,484.7534889886945
2025-01-16 03:00:00,505.94251068971295
2025-01-16 04:00:00,516.0565119163538
2025-01-16 05:00:00,457.21584723874906
2025-01-16 06:00:00,484.2523683228209
2025-01-16 07:00:00,469.49961414148464
2025-01-16 08:00:00,469.63538901060286
2025-01-16 09:00:00,422.04987550736513
2025-01-16 10:00:00,457.9495671128203
2025-01-16 11:00:00,477.7301593916415
2025-01-16 12:00:00,521.5835267774926
2025-01-16 13:00:00,493.2831553818737
2025-01-16 14:00:00,549.3762365588203
2025-01-16 15:00:00,399.8583341572889
2025-01-16 16:00:00,478.4680970887863
2025-01-16 17:00:00,440.76970367947297
2025-01-16 18:00:00,537.9736675159343
2025-01-16 19:00:00,385.0858489769751
2025-01-16 20:00:00,380.6739241940714
2025-01-16 21:00:00,389.997062798328
2025-01-16 22:00:00,311.2311473485161
2025-01-16 23:00:00,388.7548239067134
2025-01-17 00:00:00,374.8645294383447
2025-01-17 01:00:00,418.2856199267777
2025-01-17 02:00:00,425.9685957296634
2025-01-17 03:00:00,500.9778969377828
2025-01-17 04:00:00,453.1560589766272
2025-01-17 05:00:00,375.4350754741526
2025-01-17 06:00:00,358.187377138794
2025-01-17 07:00:00,426.7166173406472
2025-01-17 08:00:00,335.30812436742406
2025-01-17 09:00:00,492.2799534868441
2025-01-17 10:00:00,459.2555242915034
2025-01-17 11:00:00,376.59131856829435
2025-01-17 12:00:00,314.35048243419624
2025-01-17 13:00:00,467.84854187074336
2025-01-17 14:00:00,394.7659701587045
2025-01-17 15:00:00,462.9114978925514
2025-01-17 16:00:00,322.0156938991783
2025-01-17 17:00:00,372.67202931527004
2025-01-17 18:00:00,403.992255509413
2025-01-17 19:00:00,407.35190030078655
2025-01-17 20:00:00,383.9534809407836
2025-01-17 21:00:00,439.23144744960996
2025-01-17 22:00:00,356.51532679836833
2025-01-17 23:00:00,404.7565273030546
2025-01-18 00:00:00,420.03741960975856
2025-01-18 01:00:00,442.0556065025854
2025-01-18 02:00:00,454.3849204988414
2025-01-18 03:00:00,365.19735951951895
2025-01-18 04:00:00,347.49881448296935
2025-01-18 05:00:00,491.0079045887166
2025-01-18 06:00:00,446.79822089570024
2025-01-18 07:00:00,395.9497365611742
2025-01-18 08:00:00,514.2502078177398
2025-01-18 09:00:00,445.91556314751614
2025-01-18 10:00:00,502.6500339099274
2025-01-18 11:00:00,450.7217895400946
2025-01-18 12:00:00,554.144321945813
2025-01-18 13:00:00,542.7282281809671
2025-01-18 14:00:00,446.453092114255
2025-01-18 15:00:00,511.498303031497
2025-01-18 16:00:00,499.27769138199193
2025-01-18 17:00:00,539.5924979437652
2025-01-18 18:00:00,427.12174634327783
2025-01-18 19:00:00,513.9244454233603
2025-01-18 20:00:00,536.83589466502
2025-01-18 21:00:00,400.30115580419465
2025-01-18 22:00:00,433.4210848065271
2025-01-18 23:00:00,394.9824182478329
2025-01-19 00:00:00,487.8395274142781
2025-01-19 01:00:00,541.5503270504928
2025-01-19 02:00:00,585.1435976916342
2025-01-19 03:00:00,518.0639038285851
2025-01-19 04:00:00,600.0959903238725
2025-01-19 05:00:00,453.93060868714844
2025-01-19 06:00:00,441.9933081176223
2025-01-19 07:00:00,528.5600165222854
2025-01-19 08:00:00,554.6559098470893
2025-01-19 09:00:00,537.8655560046119
2025-01-19 10:00:00,440.10054883866707
2025-01-19 11:00:00,542.9061445931416
2025-01-19 12:00:00,485.9378824057221
2025-01-19 13:00:00,588.3466718015665
2025-01-19 14:00:00,576.7900634941885
2025-01-19 15:00:00,514.9518317866078
2025-01-19 16:00:00,539.6200638396676
2025-01-19 17:00:00,515.5958215979755
2025-01-19 18:00:00,568.5349482130271
2025-01-19 19:00:00,622.4018090078674
2025-01-19 20:00:00,528.1918926343552
2025-01-19 21:00:00,605.3663335276025
2025-01-19 22:00:00,556.1841307614953
2025-01-19 23:00:00,545.4287367035466
2025-01-20 00:00:00,581.9340617326095
2025-01-20 01:00:00,537.5702809889925
2025-01-20 02:00:00,563.526463538744
2025-01-20 03:00:00,533.0177031389693
2025-01-20 04:00:00,692.6734150100207
2025-01-20 05:00:00,597.5458801638715
2025-01-20 06:00:00,561.9593900916395
2025-01-20 07:00:00,608.6228258354437
2025-01-20 08:00:00,593.0989299224434
2025-01-20 09:00:00,588.27018307567
2025-01-20 10:00:00,630.4410071662559
2025-01-20 11:00:00,637.8319560591991
2025-01-20 12:00:00,573.4648740542642
2025-01-20 13:00:00,571.0417791731153
2025-01-20 14:00:00,585.7325647427249
2025-01-20 15:00:00,483.8519108677354
2025-01-20 16:00:00,522.4626205831177
2025-01-20 17:00:00,665.6528602515168
2025-01-20 18:00:00,678.4590147527674
2025-01-20 19:00:00,582.4769123083945
2025-01-20 20:00:00,622.2936942474327
2025-01-20 21:00:00,607.3873207539098
2025-01-20 22:00:00,743.9527836474008
2025-01-20 23:00:00,643.9998440577978
2025-01-21 00:00:00,579.4697880913512
2025-01-21 01:00:00,535.7695374212786
2025-01-21 02:00:00,500.7458785219596
2025-01-21 03:00:00,588.6084789760075
2025-01-21 04:00:00,537.8353489673439
2025-01-21 05:00:00,501.6135800417985
2025-01-21 06:00:00,537.3323695740703
2025-01-21 07:00:00,512.38557383644
2025-01-21 08:00:00,647.4953240812063
2025-01-21 09:00:00,603.7751441784488
2025-01-21 10:00:00,555.7356509947901
2025-01-21 11:00:00,626.4656133959224
2025-01-21 12:00:00,552.5709297907525
2025-01-21 13:00:00,501.77957541977406
2025-01-21 14:00:00,617.0557790690034
2025-01-21 15:00:00,563.8229042160793
2025-01-21 16:00:00,480.9226253274171
2025-01-21 17:00:00,519.1130354136884
2025-01-21 18:00:00,480.63951838931985
2025-01-21 19:00:00,451.0243559520536
2025-01-21 20:00:00,562.1786939883724
2025-01-21 21:00:00,607.0158716547621
2025-01-21 22:00:00,437.26987677056854
2025-01-21 23:00:00,530.9862117901595
2025-01-22 00:00:00,465.9397066661625
2025-01-22 01:00:00,469.7525640931185
2025-01-22 02:00:00,460.13736498818935
2025-01-22 03:00:00,442.2252757556036
2025-01-22 04:00:00,483.5464319391381
2025-01-22 05:00:00,435.3043694681071
2025-01-22 06:00:00,486.1503663492118
2025-01-22 07:00:00,465.9434468532064
2025-01-22 08:00:00,452.3959077498571
2025-01-22 09:00:00,414.9210536479279
2025-01-22 10:00:00,427.49227459248135
2025-01-22 11:00:00,490.2152490647944
2025-01-22 12:00:00,473.6970419800239
2025-01-22 13:00:00,396.0767964540176
2025-01-22 14:00:00,446.3294778459708
2025-01-22 15:00:00,475.45229691100985
2025-01-22 16:00:00,351.05116257904973
2025-01-22 17:00:00,458.45273759988027
2025-01-22 18:00:00,395.04782663711256
2025-01-22 19:00:00,453.74013999553785
2025-01-22 20:00:00,384.221005248938
2025-01-22 21:00:00,329.46156647555307
2025-01-22 22:00:00,335.8033153372912
2025-01-22 23:00:00,417.21732118630234
2025-01-23 00:00:00,425.5942191353815
2025-01-23 01:00:00,365.3538697035713
2025-01-23 02:00:00,440.63140311158196
2025-01-23 03:00:00,323.9318892138325
2025-01-23 04:00:00,402.1872763842224
2025-01-23 05:00:00,343.60398314956694
2025-01-23 06:00:00,370.40921498966213
2025-01-23 07:00:00,404.40208093374355
2025-01-23 08:00:00,358.2293527065936
2025-01-23 09:00:00,381.42835486856956
2025-01-23 10:00:00,450.5662532292395
2025-01-23 11:00:00,371.19264065592955
2025-01-23 12:00:00,441.7980104232267
2025-01-23 13:00:00,343.69482752279055
2025-01-23 14:00:00,427.02742144618264
2025-01-23 15:00:00,473.1622821420121
2025-01-23 16:00:00,278.2368189213414
2025-01-23 17:00:00,362.89662680590374
2025-01-23 18:00:00,432.70273624525964
2025-01-23 19:00:00,394.9878839680739
2025-01-23 20:00:00,425.1692924473166
2025-01-23 21:00:00,378.06260143969865
2025-01-23 22:00:00,414.41608366219424
2025-01-23 23:00:00,404.29885923582674
2025-01-24 00:00:00,472.63553898638577
2025-01-24 01:00:00,429.29465666767163
2025-01-24 02:00:00,435.9399538320071
2025-01-24 03:00:00,401.1064670604112
2025-01-24 04:00:00,400.1097538950445
2025-01-24 05:00:00,405.7958427043576
2025-01-24 06:00:00,450.2183912725
2025-01-24 07:00:00,412.6510813156662
2025-01-24 08:00:00,451.51995008150675
2025-01-24 09:00:00,544.2521803507168
2025-01-24 10:00:00,487.602761894352
2025-01-24 11:00:00,431.4163950973906
2025-01-24 12:00:00,511.54897371872346
2025-01-24 13:00:00,434.9476880550079
2025-01-24 14:00:00,357.3935182299815
2025-01-24 15:00:00,412.9213006740475
2025-01-24 16:00:00,373.8818002200998
2025-01-24 17:00:00,454.0036035530069
2025-01-24 18:00:00,476.7122538642713
2025-01-24 19:00:00,563.87140429834
2025-01-24 20:00:00,500.69214078180306
2025-01-24 21:00:00,477.71681919838846
2025-01-24 22:00:00,534.489792005085
2025-01-24 23:00:00,386.82372102796796
2025-01-25 00:00:00,513.5271812407791
2025-01-25 01:00:00,544.6523507920982
2025-01-25 02:00:00,436.5307714033714
2025-01-25 03:00:00,571.9788394043956
2025-01-25 04:00:00,536.0188162602485
2025-01-25 05:00:00,502.5960617997031
2025-01-25 06:00:00,559.2214826350852
2025-01-25 07:00:00,645.2863864216959
2025-01-25 08:00:00,544.9538852172906
2025-01-25 09:00:00,552.3120731814134
2025-01-25 10:00:00,520.8974108018432
2025-01-25 11:00:00,505.2540327546166
2025-01-25 12:00:00,593.0528234566792
2025-01-25 13:00:00,512.4233845955622
2025-01-25 14:00:00,562.3921560425974
2025-01-25 15:00:00,538.4051290076987
2025-01-25 16:00:00,589.5924162224919
2025-01-25 17:00:00,585.5568240951122
2025-01-25 18:00:00,623.8497226497078
2025-01-25 19:00:00,549.4337174748864
2025-01-25 20:00:00,564.2597621936416
2025-01-25 21:00:00,531.4860807377453
2025-01-25 22:00:00,560.7270561133769
2025-01-25 23:00:00,604.1660926058348
2025-01-26 00:00:00,625.3472464705245
2025-01-26 01:00:00,543.4195085152661
2025-01-26 02:00:00,634.8673717024441
2025-01-26 03:00:00,660.8540672924508
2025-01-26 04:00:00,615.2516037103454
2025-01-26 05:00:00,689.7470449637942
2025-01-26 06:00:00,558.3623714713838
2025-01-26 07:00:00,535.7786728593187
2025-01-26 08:00:00,509.8481425378667
2025-01-26 09:00:00,674.1708148630239
2025-01-26 10:00:00,632.4819096895553
2025-01-26 11:00:00,597.1892511846565
2025-01-26 12:00:00,613.9812136788717
2025-01-26 13:00:00,543.5320401508474
2025-01-26 14:00:00,721.7275502139128
2025-01-26 15:00:00,605.3449163156513
2025-01-26 16:00:00,603.6090102255487
2025-01-26 17:00:00,633.4959415966918
2025-01-26 18:00:00,620.1411144563515
2025-01-26 19:00:00,605.9847282603369
2025-01-26 20:00:00,553.7859884638309
2025-01-26 21:00:00,615.2244460310064
2025-01-26 22:00:00,683.918864471093
2025-01-26 23:00:00,655.0840427739618
2025-01-27 00:00:00,665.3003831357667
2025-01-27 01:00:00,557.7450300898407
2025-01-27 02:00:00,531.3315372135729
2025-01-27 03:00:00,571.8743528824276
2025-01-27 04:00:00,578.1528692853433
2025-01-27 05:00:00,627.135460293717
2025-01-27 06:00:00,484.7238551455334
2025-01-27 07:00:00,642.6136152407436
2025-01-27 08:00:00,554.8986481442854
2025-01-27 09:00:00,537.9982256570026
2025-01-27 10:00:00,505.16717804187743
2025-01-27 11:00:00,469.3533673519318
2025-01-27 12:00:00,589.4792283490538
2025-01-27 13:00:00,548.1189866543708
2025-01-27 14:00:00,476.0026958415667
2025-01-27 15:00:00,471.71725212538615
2025-01-27 16:00:00,515.5828841707817
2025-01-27 17:00:00,611.6624159758252
2025-01-27 18:00:00,511.017216178815
2025-01-27 19:00:00,444.57933738553027
2025-01-27 20:00:00,503.151411384558
2025-01-27 21:00:00,497.4750366107368
2025-01-27 22:00:00,371.91835322873897
2025-01-27 23:00:00,499.68652127646413
2025-01-28 00:00:00,486.4885400206662
2025-01-28 01:00:00,528.4833318813514
2025-01-28 02:00:00,581.7706260179154
2025-01-28 03:00:00,541.3212332481427
2025-01-28 04:00:00,467.2473141663086
2025-01-28 05:00:00,421.1010256268508
2025-01-28 06:00:00,600.8758179076474
2025-01-28 07:00:00,471.0022336492631
2025-01-28 08:00:00,464.6321804946506
2025-01-28 09:00:00,458.6926113405599
2025-01-28 10:00:00,465.84269443407425
2025-01-28 11:00:00,444.8440167457651
2025-01-28 12:00:00,419.59389743252484
2025-01-28 13:00:00,417.24760569116467
2025-01-28 14:00:00,439.3720658736728
2025-01-28 15:00:00,410.37011488996626
2025-01-28 16:00:00,398.5497472344937
2025-01-28 17:00:00,436.2896740124263
2025-01-28 18:00:00,415.12701671185044
2025-01-28 19:00:00,500.12072518570517
2025-01-28 20:00:00,289.56089918132284
2025-01-28 21:00:00,474.0215213568129
2025-01-28 22:00:00,479.24077948109806
2025-01-28 23:00:00,310.9156851864822
2025-01-29 00:00:00,395.2623120077453
2025-01-29 01:00:00,391.8031330060267
2025-01-29 02:00:00,338.1489192718932
2025-01-29 03:00:00,367.95736819521187
2025-01-29 04:00:00,349.82067510426157
2025-01-29 05:00:00,491.6446774808886
2025-01-29 06:00:00,449.6796989990124
2025-01-29 07:00:00,465.5232584801344
2025-01-29 08:00:00,437.26574309645275
2025-01-29 09:00:00,344.1545543988071
2025-01-29 10:00:00,373.9955956734528
2025-01-29 11:00:00,424.49500094502065
2025-01-29 12:00:00,338.9151165538886
2025-01-29 13:00:00,435.8572419253886
2025-01-29 14:00:00,388.56708903247255
2025-01-29 15:00:00,382.4078653860738
2025-01-29 16:00:00,437.4508812494153
2025-01-29 17:00:00,425.057018508378
2025-01-29 18:00:00,385.92171407708645
2025-01-29 19:00:00,463.2457346017917
2025-01-29 20:00:00,352.71585710766675
2025-01-29 21:00:00,439.2333000561967
2025-01-29 22:00:00,439.93361740966236
2025-01-29 23:00:00,396.81429463647254
2025-01-30 00:00:00,430.7785197888767
2025-01-30 01:00:00,354.259475912726
2025-01-30 02:00:00,465.51835894926694
2025-01-30 03:00:00,412.7275525852264
2025-01-30 04:00:00,398.640895750697
2025-01-30 05:00:00,480.17528565696546
2025-01-30 06:00:00,395.59318858316783
2025-01-30 07:00:00,363.6047465117468
2025-01-30 08:00:00,359.5395472573921
2025-01-30 09:00:00,471.13408168098783
2025-01-30 10:00:00,380.38747786854736
2025-01-30 11:00:00,535.8299838071799
2025-01-30 12:00:00,347.7740840025227
2025-01-30 13:00:00,540.5653969936166
2025-01-30 14:00:00,470.2498397511921
2025-01-30 15:00:00,458.89652056070815
2025-01-30 16:00:00,440.58856541161146
2025-01-30 17:00:00,491.9549830024797
2025-01-30 18:00:00,474.3334768549516
2025-01-30 19:00:00,535.6426794026536
2025-01-30 20:00:00,490.4885547460527
2025-01-30 21:00:00,496.62086519699284
2025-01-30 22:00:00,475.27453792449734
2025-01-30 23:00:00,494.96971457593304
2025-01-31 00:00:00,517.573092682616
2025-01-31 01:00:00,421.036431831978
2025-01-31 02:00:00,443.48495177081475
2025-01-31 03:00:00,552.3860323881844
2025-01-31 04:00:00,528.065686604569
2025-01-31 05:00:00,514.5856212061715
2025-01-31 06:00:00,528.923519368393
2025-01-31 07:00:00,549.5445655160241
2025-01-31 08:00:00,509.27983983030356
2025-01-31 09:00:00,501.3857973388226
2025-01-31 10:00:00,554.0496841757692
2025-01-31 11:00:00,499.21080672253936
2025-01-31 12:00:00,572.3223630777618
2025-01-31 13:00:00,470.4618742947463
2025-01-31 14:00:00,610.6241977525758
2025-01-31 15:00:00,586.2588681870648
2025-01-31 16:00:00,578.7736753857685
2025-01-31 17:00:00,618.3241760869696
2025-01-31 18:00:00,655.5488978580075
2025-01-31 19:00:00,625.9414564742575
2025-01-31 20:00:00,485.9836290260415
2025-01-31 21:00:00,516.7041436742929
2025-01-31 22:00:00,551.9439163832246
2025-01-31 23:00:00,586.8326838337708
2025-02-01 00:00:00,613.5913344212838
2025-02-01 01:00:00,553.4342548310832
2025-02-01 02:00:00,600.9018185148702
2025-02-01 03:00:00,555.4618298946718
2025-02-01 04:00:00,564.1448654168231
2025-02-01 05:00:00,525.6969227895481
2025-02-01 06:00:00,550.9944847603787
2025-02-01 07:00:00,530.5128868799424
2025-02-01 08:00:00,550.0574315875796
2025-02-01 09:00:00,652.0987308900127
2025-02-01 10:00:00,552.3227351416336
2025-02-01 11:00:00,731.5975962433837
2025-02-01 12:00:00,624.6396221604197
2025-02-01 13:00:00,609.0201971973023
2025-02-01 14:00:00,556.4749680312708
2025-02-01 15:00:00,633.8333540761587
2025-02-01 16:00:00,569.272604957685
2025-02-01 17:00:00,603.204711390629
2025-02-01 18:00:00,723.9730716037324
2025-02-01 19:00:00,589.8475376362146
2025-02-01 20:00:00,650.6154637395283
2025-02-01 21:00:00,556.3166747359217
2025-02-01 22:00:00,587.8753991693358
2025-02-01 23:00:00,676.143340070013
2025-02-02 00:00:00,554.066450303722
2025-02-02 01:00:00,673.6859080436302
2025-02-02 02:00:00,615.9414180120846
2025-02-02 03:00:00,549.7672716043135
2025-02-02 04:00:00,606.6993111962059
2025-02-02 05:00:00,620.7518448984437
2025-02-02 06:00:00,600.122335483029
2025-02-02 07:00:00,487.2967276371256
2025-02-02 08:00:00,526.1017877621025
2025-02-02 09:00:00,546.6143388379522
2025-02-02 10:00:00,551.6877757918138
2025-02-02 11:00:00,582.7566071009975
2025-02-02 12:00:00,556.823012704701
2025-02-02 13:00:00,477.2943256688136
2025-02-02 14:00:00,559.1110268542386
2025-02-02 15:00:00,566.593571365188
2025-02-02 16:00:00,559.9482104480139
2025-02-02 17:00:00,581.8312085325769
2025-02-02 18:00:00,565.2687866635115
2025-02-02 19:00:00,542.2672552673719
2025-02-02 20:00:00,511.49873265631345
2025-02-02 21:00:00,427.6291320535525
2025-02-02 22:00:00,527.8078973159494
2025-02-02 23:00:00,512.3491178270557
2025-02-03 00:00:00,511.17767725741453
2025-02-03 01:00:00,429.3998858331679
2025-02-03 02:00:00,434.83595788146715
2025-02-03 03:00:00,537.2190780777909
2025-02-03 04:00:00,478.2857572657323
2025-02-03 05:00:00,510.0782511216369
2025-02-03 06:00:00,473.2045790951681
2025-02-03 07:00:00,469.1156878395001
2025-02-03 08:00:00,510.44299957023316
2025-02-03 09:00:00,433.69702276051237
2025-02-03 10:00:00,460.35295055209883
2025-02-03 11:00:00,428.56553641379037
2025-02-03 12:00:00,426.17898768316417
2025-02-03 13:00:00,428.76899702168276
2025-02-03 14:00:00,451.7644094273123
2025-02-03 15:00:00,413.2635258435917
2025-02-03 16:00:00,496.65170701096326
2025-02-03 17:00:00,385.9225482577509
2025-02-03 18:00:00,418.23053342176263
2025-02-03 19:00:00,402.64682341538315
2025-02-03 20:00:00,494.18519533027666
2025-02-03 21:00:00,429.0159605990772
2025-02-03 22:00:00,468.28641306203184
2025-02-03 23:00:00,340.08092954435494
2025-02-04 00:00:00,425.5394728272505
2025-02-04 01:00:00,454.6639001338308
2025-02-04 02:00:00,412.4631712895649
2025-02-04 03:00:00,459.96430751717116
2025-02-04 04:00:00,379.34505044860146
2025-02-04 05:00:00,474.3767191397634
2025-02-04 06:00:00,517.7372957792056
2025-02-04 07:00:00,383.71880148271316
2025-02-04 08:00:00,378.84101671307155
2025-02-04 09:00:00,473.22927262281354
2025-02-04 10:00:00,479.17211477076955
2025-02-04 11:00:00,373.874216279456
2025-02-04 12:00:00,379.02217441502785
2025-02-04 13:00:00,386.14714268512205
2025-02-04 14:00:00,333.40887515972133
2025-02-04 15:00:00,355.2832476927094
2025-02-04 16:00:00,351.78155363750693
2025-02-04 17:00:00,364.55829031823106
2025-02-04 18:00:00,402.3585012947699
2025-02-04 19:00:00,417.13087807766567
2025-02-04 20:00:00,484.4528502885003
2025-02-04 21:00:00,358.6952222658993
2025-02-04 22:00:00,459.68834519968163
2025-02-04 23:00:00,401.8027421504671
2025-02-05 00:00:00,412.22574656378583
2025-02-05 01:00:00,450.7992554911472
2025-02-05 02:00:00,363.4396323950241
2025-02-05 03:00:00,441.36697835089177
2025-02-05 04:00:00,433.38807299302863
2025-02-05 05:00:00,452.6498377635939
2025-02-05 06:00:00,445.58471336462594
2025-02-05 07:00:00,557.1215820603719
2025-02-05 08:00:00,405.82499944147946
2025-02-05 09:00:00,414.6363080682808
2025-02-05 10:00:00,413.61539778775597
2025-02-05 11:00:00,420.6901114125198
2025-02-05 12:00:00,420.3843924068177
2025-02-05 13:00:00,515.5853707765217
2025-02-05 14:00:00,531.1241685330958
2025-02-05 15:00:00,435.6021128481597
2025-02-05 16:00:00,426.63047781331215
2025-02-05 17:00:00,495.9883884895486
2025-02-05 18:00:00,449.028390291208
2025-02-05 19:00:00,512.5525950022472
2025-02-05 20:00:00,495.35501379851576
2025-02-05 21:00:00,413.7527105577744
2025-02-05 22:00:00,571.2661689687523
2025-02-05 23:00:00,588.0474303194246
2025-02-06 00:00:00,471.9800789974175
2025-02-06 01:00:00,487.59540905728966
2025-02-06 02:00:00,525.6214238974127
2025-02-06 03:00:00,532.3770674057557
2025-02-06 04:00:00,552.8776749490646
2025-02-06 05:00:00,624.7188920335236
2025-02-06 06:00:00,519.5733608702246
2025-02-06 07:00:00,492.66374150168446
2025-02-06 08:00:00,467.70842237935545
2025-02-06 09:00:00,504.15375301402963
2025-02-06 10:00:00,542.9921946502241
2025-02-06 11:00:00,638.2396155653629
2025-02-06 12:00:00,526.4018633424083
2025-02-06 13:00:00,567.1428708591774
2025-02-06 14:00:00,558.696714777917
2025-02-06 15:00:00,622.3884564357179
2025-02-06 16:00:00,692.6463159370013
2025-02-06 17:00:00,542.9607772003985
2025-02-06 18:00:00,548.1042757787499
2025-02-06 19:00:00,627.7179787547843
2025-02-06 20:00:00,612.3942591147807
2025-02-06 21:00:00,673.2755455585541
2025-02-06 22:00:00,612.622794763687
2025-02-06 23:00:00,567.7889595572511
2025-02-07 00:00:00,617.4500205291844
2025-02-07 01:00:00,645.3485847405957
2025-02-07 02:00:00,632.7622482843783
2025-02-07 03:00:00,618.7517027766133
2025-02-07 04:00:00,648.193581209234
2025-02-07 05:00:00,654.6156496360509
2025-02-07 06:00:00,666.3665599724487
2025-02-07 07:00:00,630.6164504517762
2025-02-07 08:00:00,590.5602448750401
2025-02-07 09:00:00,606.7984717712475
2025-02-07 10:00:00,660.1452780697464
2025-02-07 11:00:00,559.1398116306686
2025-02-07 12:00:00,618.396431311558
2025-02-07 13:00:00,580.0814466151145
2025-02-07 14:00:00,600.7811090666801
2025-02-07 15:00:00,662.6725721595737
2025-02-07 16:00:00,607.5228060330724
2025-02-07 17:00:00,599.3208070280375
2025-02-07 18:00:00,527.8523998133143
2025-02-07 19:00:00,631.821411984773
2025-02-07 20:00:00,625.2663167297736
2025-02-07 21:00:00,699.46095599256
2025-02-07 22:00:00,574.0413872935586
2025-02-07 23:00:00,598.34942233389
2025-02-08 00:00:00,597.656110332305
2025-02-08 01:00:00,661.6922267567247
2025-02-08 02:00:00,575.529551871874
2025-02-08 03:00:00,591.5671132124535
2025-02-08 04:00:00,605.1846189199474
2025-02-08 05:00:00,581.1514415734132
2025-02-08 06:00:00,546.3935912915905
2025-02-08 07:00:00,575.1830730097972
2025-02-08 08:00:00,615.7986467505687
2025-02-08 09:00:00,507.31137245493767
2025-02-08 10:00:00,561.693925013399
2025-02-08 11:00:00,516.3427766542367
2025-02-08 12:00:00,607.3066436727361
2025-02-08 13:00:00,467.50981363991355
2025-02-08 14:00:00,511.75467088641335
2025-02-08 15:00:00,554.5172836600486
2025-02-08 16:00:00,609.8208491360543
2025-02-08 17:00:00,524.0849618861309
2025-02-08 18:00:00,495.3881483766816
2025-02-08 19:00:00,612.9375029301337
2025-02-08 20:00:00,442.174490739594
2025-02-08 21:00:00,400.30264096886407
2025-02-08 22:00:00,527.8918892213139
2025-02-08 23:00:00,476.4254536601165
2025-02-09 00:00:00,446.10060918783404
2025-02-09 01:00:00,528.2195669034429
2025-02-09 02:00:00,500.64499605730487
2025-02-09 03:00:00,455.92625185137376
2025-02-09 04:00:00,415.8204375661851
2025-02-09 05:00:00,519.20243535545
2025-02-09 06:00:00,503.8800895800644
2025-02-09 07:00:00,462.25627376729153
2025-02-09 08:00:00,555.4544477705372
2025-02-09 09:00:00,405.59618647817234
2025-02-09 10:00:00,378.8799559675761
2025-02-09 11:00:00,416.70208209756674
2025-02-09 12:00:00,445.2522927308042
2025-02-09 13:00:00,456.03268940551413
2025-02-09 14:00:00,428.24504077620736
2025-02-09 15:00:00,454.4645274981373
2025-02-09 16:00:00,370.9600547733181
2025-02-09 17:00:00,502.52721641746683
2025-02-09 18:00:00,423.16617555868953
2025-02-09 19:00:00,480.2119053478477
2025-02-09 20:00:00,438.7009701362395
2025-02-09 21:00:00,441.7694664228514
2025-02-09 22:00:00,444.9418045603108
2025-02-09 23:00:00,436.5197603354766
2025-02-10 00:00:00,444.11503950730867
2025-02-10 01:00:00,476.44888328198294
2025-02-10 02:00:00,418.00124545834075
2025-02-10 03:00:00,441.98434178478135
2025-02-10 04:00:00,400.58450099942536
2025-02-10 05:00:00,475.7952316947705
2025-02-10 06:00:00,368.87123801774607
2025-02-10 07:00:00,491.8248479524956
2025-02-10 08:00:00,399.04413336326826
2025-02-10 09:00:00,328.97609529379054
2025-02-10 10:00:00,406.57252954019015
2025-02-10 11:00:00,365.9574856914653
2025-02-10 12:00:00,442.0756068926023
2025-02-10 13:00:00,367.6361288707958
2025-02-10 14:00:00,378.3721652869298
2025-02-10 15:00:00,306.80763104573856
2025-02-10 16:00:00,379.4608537388134
2025-02-10 17:00:00,281.8603681772833
2025-02-10 18:00:00,325.0221562604287
2025-02-10 19:00:00,443.5835744430134
2025-02-10 20:00:00,446.3784101641296
2025-02-10 21:00:00,430.0639492831448
2025-02-10 22:00:00,362.3187957335779
2025-02-10 23:00:00,410.3288524625631
2025-02-11 00:00:00,414.7474947288075
2025-02-11 01:00:00,359.38475386025493
2025-02-11 02:00:00,495.0059073366471
2025-02-11 03:00:00,466.38991957765074
2025-02-11 04:00:00,414.3070983257111
2025-02-11 05:00:00,429.67538887304045
2025-02-11 06:00:00,441.8626427049544
2025-02-11 07:00:00,332.5998468722827
2025-02-11 08:00:00,425.6953097709943
2025-02-11 09:00:00,407.44063641076343
2025-02-11 10:00:00,395.0559551451895
2025-02-11 11:00:00,434.78362792473695
2025-02-11 12:00:00,542.5221797736949
2025-02-11 13:00:00,488.56948922268907
2025-02-11 14:00:00,431.94075710154345
2025-02-11 15:00:00,493.17650166768334
2025-02-11 16:00:00,538.6303703621835
2025-02-11 17:00:00,519.0692540602579
2025-02-11 18:00:00,480.04583689811477
2025-02-11 19:00:00,448.9879480694128
2025-02-11 20:00:00,520.5520008730822
2025-02-11 21:00:00,509.64852418425414
2025-02-11 22:00:00,539.086446740691
2025-02-11 23:00:00,530.4487209475919
2025-02-12 00:00:00,555.5336086301278
2025-02-12 01:00:00,480.65422898215553
2025-02-12 02:00:00,577.6315731563652
2025-02-12 03:00:00,525.9653099120792
2025-02-12 04:00:00,624.1411712078243
2025-02-12 05:00:00,490.17268972323836
2025-02-12 06:00:00,615.6372700911141
2025-02-12 07:00:00,542.8866452703976
2025-02-12 08:00:00,504.50934433549776
2025-02-12 09:00:00,516.904408759075
2025-02-12 10:00:00,529.0214485314765
2025-02-12 11:00:00,570.101371618382
2025-02-12 12:00:00,578.7959089321854
2025-02-12 13:00:00,527.6298250963348
2025-02-12 14:00:00,558.6504389540771
2025-02-12 15:00:00,670.4209088889793
2025-02-12 16:00:00,653.0030951160333
2025-02-12 17:00:00,591.6336631869802
2025-02-12 18:00:00,574.7761104146184
2025-02-12 19:00:00,581.797043316162
2025-02-12 20:00:00,609.246434525108
2025-02-12 21:00:00,530.0561951456823
2025-02-12 22:00:00,570.7975083291844
2025-02-12 23:00:00,502.5481582819565
2025-02-13 00:00:00,608.0856545761445
2025-02-13 01:00:00,622.4634487176388
2025-02-13 02:00:00,567.7517260527961
2025-02-13 03:00:00,672.2425836497557
2025-02-13 04:00:00,533.7088462373334
2025-02-13 05:00:00,523.051185466005
2025-02-13 06:00:00,608.5818104650399
2025-02-13 07:00:00,650.617838291711
2025-02-13 08:00:00,683.1757022790151
2025-02-13 09:00:00,576.5628244352176
2025-02-13 10:00:00,653.779118509092
2025-02-13 11:00:00,598.0673676362245
2025-02-13 12:00:00,591.3185338294294
2025-02-13 13:00:00,643.8994786188946
2025-02-13 14:00:00,631.9091287265446
2025-02-13 15:00:00,519.8606074323314
2025-02-13 16:00:00,671.7063587209732
2025-02-13 17:00:00,665.8964570011608
2025-02-13 18:00:00,564.4416066672511
2025-02-13 19:00:00,614.1553096045459
2025-02-13 20:00:00,617.5321543371488
2025-02-13 21:00:00,604.1528913503903
2025-02-13 22:00:00,561.7188117047621
2025-02-13 23:00:00,553.597669087068
2025-02-14 00:00:00,583.6797214596766
2025-02-14 01:00:00,641.2105173989619
2025-02-14 02:00:00,607.2133126591929
2025-02-14 03:00:00,558.8092670925846
2025-02-14 04:00:00,613.084172287685
2025-02-14 05:00:00,429.0893481134457
2025-02-14 06:00:00,625.8356816260502
2025-02-14 07:00:00,478.16224580834285
2025-02-14 08:00:00,543.6522406281525
2025-02-14 09:00:00,502.29939158545056
2025-02-14 10:00:00,489.9463121363418
2025-02-14 11:00:00,609.0149929811857
2025-02-14 12:00:00,523.784695105037
2025-02-14 13:00:00,560.6011356866628
2025-02-14 14:00:00,536.9536063559028
2025-02-14 15:00:00,559.1004572779957
2025-02-14 16:00:00,534.9711004506185
2025-02-14 17:00:00,462.80264455827216
2025-02-14 18:00:00,572.5364701393165
2025-02-14 19:00:00,493.7628585111371
2025-02-14 20:00:00,436.31398048224696
2025-02-14 21:00:00,488.4027455401677
2025-02-14 22:00:00,580.4932242944287
2025-02-14 23:00:00,543.602654257761
2025-02-15 00:00:00,479.2932120724843
2025-02-15 01:00:00,474.90342647179136
2025-02-15 02:00:00,471.9396033812501
2025-02-15 03:00:00,587.5366331018228
2025-02-15 04:00:00,498.5049570862367
2025-02-15 05:00:00,496.6584695656476
2025-02-15 06:00:00,522.4661196083908
2025-02-15 07:00:00,478.7423360448171
2025-02-15 08:00:00,449.76498244256015
2025-02-15 09:00:00,448.88487771489696
2025-02-15 10:00:00,451.1863092999217
2025-02-15 11:00:00,449.0554870235486
2025-02-15 12:00:00,483.5418655358916
2025-02-15 13:00:00,446.1021951757157
2025-02-15 14:00:00,476.58910840492746
2025-02-15 15:00:00,432.4879331450396
2025-02-15 16:00:00,437.1431778676924
2025-02-15 17:00:00,330.1163529214895
2025-02-15 18:00:00,472.7911235902548
2025-02-15 19:00:00,441.38671732712265
2025-02-15 20:00:00,471.1951053862771
2025-02-15 21:00:00,273.8641658145808
2025-02-15 22:00:00,520.6330230653743
2025-02-15 23:00:00,406.93187209666075
2025-02-16 00:00:00,467.1816624557026
2025-02-16 01:00:00,357.80657286104224
2025-02-16 02:00:00,438.64184801654676
2025-02-16 03:00:00,353.7090228171447
2025-02-16 04:00:00,373.7464602578066
2025-02-16 05:00:00,499.3727966658342
2025-02-16 06:00:00,393.05705180666746
2025-02-16 07:00:00,412.56843937674057
2025-02-16 08:00:00,444.4931919881495
2025-02-16 09:00:00,425.2556431183001
2025-02-16 10:00:00,407.66395867534953
2025-02-16 11:00:00,418.25287592750317
2025-02-16 12:00:00,520.2280285532918
2025-02-16 13:00:00,397.41924409824134
2025-02-16 14:00:00,410.7881190327925
2025-02-16 15:00:00,453.8880919801173
2025-02-16 16:00:00,457.44191099593894
2025-02-16 17:00:00,462.5138639939193
2025-02-16 18:00:00,436.2801864067343
2025-02-16 19:00:00,348.5570966313492
2025-02-16 20:00:00,488.9223267926939
2025-02-16 21:00:00,351.65368733484735
2025-02-16 22:00:00,425.99645689087316
2025-02-16 23:00:00,375.21452777867904
2025-02-17 00:00:00,411.95101589793194
2025-02-17 01:00:00,433.98739289300573
2025-02-17 02:00:00,436.1656401250464
2025-02-17 03:00:00,443.89463389180423
2025-02-17 04:00:00,506.3321380081443
2025-02-17 05:00:00,451.31300072882016
2025-02-17 06:00:00,419.5541987129685
2025-02-17 07:00:00,483.22220913860264
2025-02-17 08:00:00,497.87106458508
2025-02-17 09:00:00,380.5142655905341
2025-02-17 10:00:00,475.3725366288736
2025-02-17 11:00:00,484.27293027581925
2025-02-17 12:00:00,438.1446858829687
2025-02-17 13:00:00,525.7063175704984
2025-02-17 14:00:00,453.39843077035613
2025-02-17 15:00:00,471.2347962432368
2025-02-17 16:00:00,460.4239468315011
2025-02-17 17:00:00,474.0369993905875
2025-02-17 18:00:00,422.6757772236195
2025-02-17 19:00:00,409.76138151801547
2025-02-17 20:00:00,565.7983345479904
2025-02-17 21:00:00,448.06071724389676
2025-02-17 22:00:00,445.1931532635358
2025-02-17 23:00:00,391.4572343548449
2025-02-18 00:00:00,471.5442865600004
2025-02-18 01:00:00,441.69686100985166
2025-02-18 02:00:00,594.2961191545646
2025-02-18 03:00:00,567.0069792483769
2025-02-18 04:00:00,486.3978880692297
2025-02-18 05:00:00,637.6768168161236
2025-02-18 06:00:00,578.3451621524749
2025-02-18 07:00:00,517.1614103141142
2025-02-18 08:00:00,412.5151125727614
2025-02-18 09:00:00,656.043490994098
2025-02-18 10:00:00,475.94960258402
2025-02-18 11:00:00,467.00355671139926
2025-02-18 12:00:00,604.1533585145103
2025-02-18 13:00:00,678.662723982509
2025-02-18 14:00:00,629.430977089884
2025-02-18 15:00:00,591.8402381988631
2025-02-18 16:00:00,596.688625436559
2025-02-18 17:00:00,612.8001904269181
2025-02-18 18:00:00,611.1206652152877
2025-02-18 19:00:00,590.1391452147076
2025-02-18 20:00:00,584.0499443917971
2025-02-18 21:00:00,578.3202631437892
2025-02-18 22:00:00,546.2064603589156
2025-02-18 23:00:00,572.1657668508725
2025-02-19 00:00:00,503.68219709134837
2025-02-19 01:00:00,585.3751985851272
2025-02-19 02:00:00,542.652651466702
2025-02-19 03:00:00,538.5172404838297
2025-02-19 04:00:00,604.1273084798194
2025-02-19 05:00:00,665.9872677675056
2025-02-19 06:00:00,643.3738027973305
2025-02-19 07:00:00,519.8179866833229
2025-02-19 08:00:00,549.5591926493304
2025-02-19 09:00:00,646.587950002651
2025-02-19 10:00:00,550.7440507045749
2025-02-19 11:00:00,588.7654231772256
2025-02-19 12:00:00,627.4377311885856
2025-02-19 13:00:00,551.2654524168912
2025-02-19 14:00:00,604.5089839755209
2025-02-19 15:00:00,531.9072954468519
2025-02-19 16:00:00,567.7205815672883
2025-02-19 17:00:00,612.7720484278424
2025-02-19 18:00:00,515.9427650469568
2025-02-19 19:00:00,616.24347000601
2025-02-19 20:00:00,591.6855226080767
2025-02-19 21:00:00,618.5629468217568
2025-02-19 22:00:00,600.2318452060143
2025-02-19 23:00:00,655.1711284489191
2025-02-20 00:00:00,590.9875292883966
2025-02-20 01:00:00,560.8567187702437
2025-02-20 02:00:00,585.8856306820957
2025-02-20 03:00:00,604.2273574326695
2025-02-20 04:00:00,576.6502632626281
2025-02-20 05:00:00,573.2401939707846
2025-02-20 06:00:00,532.9786328071198
2025-02-20 07:00:00,531.6710082048336
2025-02-20 08:00:00,491.3000748204978
2025-02-20 09:00:00,645.406361202483
2025-02-20 10:00:00,492.12112628603853
2025-02-20 11:00:00,515.9522581193705
2025-02-20 12:00:00,510.8639355435826
2025-02-20 13:00:00,587.6281181113146
2025-02-20 14:00:00,524.150274186463
2025-02-20 15:00:00,597.2265735484885
2025-02-20 16:00:00,497.0402394142309
2025-02-20 17:00:00,540.4812308612861
2025-02-20 18:00:00,480.53034774248437
2025-02-20 19:00:00,625.2788305060843
2025-02-20 20:00:00,454.33077448045145
2025-02-20 21:00:00,524.8649168890095
2025-02-20 22:00:00,536.7080428491777
2025-02-20 23:00:00,521.3449034882416
2025-02-21 00:00:00,487.02506701985754
2025-02-21 01:00:00,485.4399893867642
2025-02-21 02:00:00,489.7785534876394
2025-02-21 03:00:00,475.9184951524966
2025-02-21 04:00:00,527.1750598728836
2025-02-21 05:00:00,585.2598291944989
2025-02-21 06:00:00,442.6598276830345
2025-02-21 07:00:00,397.9011731558436
2025-02-21 08:00:00,457.89818988122084
2025-02-21 09:00:00,587.2905697670175
2025-02-21 10:00:00,414.19366400935263
2025-02-21 11:00:00,532.4924881550976
2025-02-21 12:00:00,530.6752312520307
2025-02-21 13:00:00,415.465749826597
2025-02-21 14:00:00,468.0576640980494
2025-02-21 15:00:00,517.6068079612257
2025-02-21 16:00:00,413.93069699777317
2025-02-21 17:00:00,419.53610412619116
2025-02-21 18:00:00,397.5930917631768
2025-02-21 19:00:00,373.0410845158994
2025-02-21 20:00:00,388.56212023663045
2025-02-21 21:00:00,357.2266010718128
2025-02-21 22:00:00,417.6809058939271
2025-02-21 23:00:00,375.19135440379495
2025-02-22 00:00:00,423.2571193726493
2025-02-22 01:00:00,331.81941897902885
2025-02-22 02:00:00,424.3768840868067
2025-02-22 03:00:00,447.90368099850826
2025-02-22 04:00:00,305.11356116151705
2025-02-22 05:00:00,422.2577520258366
2025-02-22 06:00:00,463.87679729470955
2025-02-22 07:00:00,341.1355883473851
2025-02-22 08:00:00,484.55808698600424
2025-02-22 09:00:00,421.3810950207095
2025-02-22 10:00:00,364.8700290300655
2025-02-22 11:00:00,397.21303557113526
2025-02-22 12:00:00,427.98932017706693
2025-02-22 13:00:00,404.1352104143809
2025-02-22 14:00:00,427.724688593744
2025-02-22 15:00:00,355.39427777513083
2025-02-22 16:00:00,410.72496541196705
2025-02-22 17:00:00,332.5864842904023
2025-02-22 18:00:00,398.9105737989568
2025-02-22 19:00:00,360.65825851891594
2025-02-22 20:00:00,370.6383692612932
2025-02-22 21:00:00,470.9572370094884
2025-02-22 22:00:00,465.628969764865
2025-02-22 23:00:00,443.60078635904614
2025-02-23 00:00:00,360.7742240546194
2025-02-23 01:00:00,401.9767058765133
2025-02-23 02:00:00,481.01597479384907
2025-02-23 03:00:00,430.16270484017235
2025-02-23 04:00:00,541.9057366424895
2025-02-23 05:00:00,448.608726903895
2025-02-23 06:00:00,441.6843154307605
2025-02-23 07:00:00,419.8945268312753
2025-02-23 08:00:00,445.4191210724383
2025-02-23 09:00:00,434.6270798451196
2025-02-23 10:00:00,481.2745834630141
2025-02-23 11:00:00,497.4260278221916
2025-02-23 12:00:00,414.10929126581266
2025-02-23 13:00:00,390.75378127541063
2025-02-23 14:00:00,369.4931904176608
2025-02-23 15:00:00,490.76481900043393
2025-02-23 16:00:00,414.3247367874312
2025-02-23 17:00:00,366.0345042968806
2025-02-23 18:00:00,497.34410412392356
2025-02-23 19:00:00,606.8433878836855
2025-02-23 20:00:00,486.2020475211864
2025-02-23 21:00:00,532.7680359858356
2025-02-23 22:00:00,499.2903235087014
2025-02-23 23:00:00,494.6188831957368
2025-02-24 00:00:00,549.8825325919696
2025-02-24 01:00:00,493.7728349046122
2025-02-24 02:00:00,525.9982356195306
2025-02-24 03:00:00,533.031495314442
2025-02-24 04:00:00,487.8277637418728
2025-02-24 05:00:00,575.0796122721305
2025-02-24 06:00:00,520.9261500547686
2025-02-24 07:00:00,496.026958078427
2025-02-24 08:00:00,564.7153296349929
2025-02-24 09:00:00,496.969834048447
2025-02-24 10:00:00,547.2258296812414
2025-02-24 11:00:00,549.197024587422
2025-02-24 12:00:00,607.6893066691982
2025-02-24 13:00:00,580.7692131693583
2025-02-24 14:00:00,559.3140077791023
2025-02-24 15:00:00,604.8692750045323
2025-02-24 16:00:00,636.7849811254815
2025-02-24 17:00:00,598.3305235708722
2025-02-24 18:00:00,573.9887708689697
2025-02-24 19:00:00,510.7704089754737
2025-02-24 20:00:00,525.8520562613163
2025-02-24 21:00:00,566.4412276091572
2025-02-24 22:00:00,553.6658346508806
2025-02-24 23:00:00,577.0714708669954
2025-02-25 00:00:00,591.366389386522
2025-02-25 01:00:00,616.9636244120807
2025-02-25 02:00:00,588.7266700278785
2025-02-25 03:00:00,618.1734630649157
2025-02-25 04:00:00,598.4899794915984
2025-02-25 05:00:00,497.72921148253397
2025-02-25 06:00:00,550.5880977274275
2025-02-25 07:00:00,591.2168578693601
2025-02-25 08:00:00,538.6152558956658
2025-02-25 09:00:00,629.5862822156571
2025-02-25 10:00:00,676.4274015483574
2025-02-25 11:00:00,660.9375563805664
2025-02-25 12:00:00,589.2463048357054
2025-02-25 13:00:00,674.1832749650396
2025-02-25 14:00:00,606.6189133732709
2025-02-25 15:00:00,581.6807465728773
2025-02-25 16:00:00,567.0265887685914
2025-02-25 17:00:00,581.5486846535035
2025-02-25 18:00:00,576.0544983044749
2025-02-25 19:00:00,602.5933481001821
2025-02-25 20:00:00,600.5311124314413
2025-02-25 21:00:00,590.9082624061508
2025-02-25 22:00:00,610.6834186193287
2025-02-25 23:00:00,646.2800321826226
2025-02-26 00:00:00,631.9712747654163
2025-02-26 01:00:00,507.8334572280019
2025-02-26 02:00:00,451.8106285546661
2025-02-26 03:00:00,623.4994546288541
2025-02-26 04:00:00,505.5699330531248
2025-02-26 05:00:00,559.6651119492992
2025-02-26 06:00:00,509.2520885713509
2025-02-26 07:00:00,474.3839158185953
2025-02-26 08:00:00,588.1583543617426
2025-02-26 09:00:00,595.5288153947503
2025-02-26 10:00:00,525.1216346490327
2025-02-26 11:00:00,420.66830315570314
2025-02-26 12:00:00,519.0857281168388
2025-02-26 13:00:00,562.077239653553
2025-02-26 14:00:00,464.5495608766935
2025-02-26 15:00:00,543.597855686235
2025-02-26 16:00:00,529.5334573186159
2025-02-26 17:00:00,555.0748588883082
2025-02-26 18:00:00,527.8508649583989
2025-02-26 19:00:00,468.9382699435381
2025-02-26 20:00:00,573.1066291370449
2025-02-26 21:00:00,501.0126018021887
2025-02-26 22:00:00,503.21784017576755
2025-02-26 23:00:00,453.5549196389732
2025-02-27 00:00:00,473.6890393167753
2025-02-27 01:00:00,447.25575519306346
2025-02-27 02:00:00,478.5075374745946
2025-02-27 03:00:00,568.4236995358873
2025-02-27 04:00:00,409.95936717090007
2025-02-27 05:00:00,393.63338283305933
2025-02-27 06:00:00,543.6759650969157
2025-02-27 07:00:00,455.5142230689116
2025-02-27 08:00:00,428.4545764481981
2025-02-27 09:00:00,509.90386488366283
2025-02-27 10:00:00,423.7085053545237
2025-02-27 11:00:00,541.4581256143126
2025-02-27 12:00:00,480.31730075587143
2025-02-27 13:00:00,418.39093647046616
2025-02-27 14:00:00,547.1264777621734
2025-02-27 15:00:00,405.56566190606793
2025-02-27 16:00:00,469.668797852528
2025-02-27 17:00:00,444.369826118048
2025-02-27 18:00:00,491.46799743849124
2025-02-27 19:00:00,501.5725615622477
2025-02-27 20:00:00,422.35910818146414
2025-02-27 21:00:00,380.5009558343931
2025-02-27 22:00:00,438.7393861885394
2025-02-27 23:00:00,379.5845554237352
2025-02-28 00:00:00,512.0341742856882
2025-02-28 01:00:00,416.25502312306713
2025-02-28 02:00:00,389.39827179205713
2025-02-28 03:00:00,415.310467934019
2025-02-28 04:00:00,337.31127879526645
2025-02-28 05:00:00,354.85975489702037
2025-02-28 06:00:00,462.4180778615822
2025-02-28 07:00:00,368.6956445600778
2025-02-28 08:00:00,348.52546948295236
2025-02-28 09:00:00,427.2232763136408
2025-02-28 10:00:00,459.3853421541427
2025-02-28 11:00:00,435.9477251115561
2025-02-28 12:00:00,449.8929892124626
2025-02-28 13:00:00,362.5318434263204
2025-02-28 14:00:00,329.75196940950434
2025-02-28 15:00:00,476.56910455503703
2025-02-28 16:00:00,386.2161056047055
2025-02-28 17:00:00,390.8422628507396
2025-02-28 18:00:00,471.0116067663517
2025-02-28 19:00:00,433.81323428949577
2025-02-28 20:00:00,430.3751363462153
2025-02-28 21:00:00,517.5860487658904
2025-02-28 22:00:00,379.0880278999732
2025-02-28 23:00:00,459.75310266618686
2025-03-01 00:00:00,418.47406068845635
2025-03-01 01:00:00,431.4761654879286
2025-03-01 02:00:00,497.04933987596644
2025-03-01 03:00:00,448.74837649266783
2025-03-01 04:00:00,453.1481606542046
2025-03-01 05:00:00,482.8761057875989
2025-03-01 06:00:00,414.1553471191544
2025-03-01 07:00:00,393.72359853908466
2025-03-01 08:00:00,386.8473197108194
2025-03-01 09:00:00,344.28975850660703
2025-03-01 10:00:00,549.0471546240102
2025-03-01 11:00:00,394.808073569266
2025-03-01 12:00:00,442.73287461540065
2025-03-01 13:00:00,443.8700297897991
2025-03-01 14:00:00,477.07678066477956
2025-03-01 15:00:00,506.56205267936383
2025-03-01 16:00:00,512.9328521800878
2025-03-01 17:00:00,444.9466507590165
2025-03-01 18:00:00,469.98515158488954
2025-03-01 19:00:00,496.75223538388434
2025-03-01 20:00:00,474.5038057716952
2025-03-01 21:00:00,571.6456632366791
2025-03-01 22:00:00,520.1837795421629
2025-03-01 23:00:00,536.7438893024906
