GHI,Temperature,WindSpeed,Humidity,SolarOutput
499.63209507788997,24.62832322096549,3.355351153623154,67.08920959462286,2.4505340127126582
960.571445127933,33.54752368445895,3.2228091916479986,75.76769780339606,4.442939671794239
785.595153449124,41.82364589691021,9.15629122468933,37.53275291547493,3.496498949296207
678.9267873576293,38.305622160239025,3.245915798645555,63.74118697248992,3.0401944962478282
324.81491235394924,40.16402869653624,3.447547535157679,60.022218820062406,1.0795227258236144
324.79561626896214,36.469584167767934,7.8345843617616735,78.29812637517898,1.1204576003193782
246.46688973455957,37.306914112946316,5.04765858205486,83.42609423368825,0.5624937570704586
892.9409166199481,41.22989128913298,7.990395012596631,20.850974003417075,3.820145861103165
680.892009394567,26.241700221479647,1.588295418079467,67.18139433411548,2.961461423139508
766.4580622368364,32.23562409107851,5.388140743060458,23.628505938381032,3.602050571241871
216.46759543664194,25.530236045490057,1.3025224016495436,58.42010655541492,0.7169211176474923
975.9278817295955,44.69170019991617,1.5638788310981906,40.13429103305747,4.300538015615193
865.9541126403374,43.60148349216533,9.157937080099698,41.474361966549885,3.804816533809572
369.87128854262096,20.98567028421265,2.2532083400583565,44.70709524166496,1.7167989545258093
345.4599737656805,37.63937931289221,5.791786140476954,63.490471433472706,1.076334471652757
346.72360788274705,43.13120793539164,4.699860423406359,43.38349759681385,1.4647417561030134
443.39379436763016,24.51438362818334,4.126089936329584,71.28893354131964,1.7113256634149248
619.8051453057903,34.198630763815736,9.098500111185452,48.31691699017088,2.6918885396635543
545.5560149136926,42.887207439701044,1.1964105709794055,24.7847240216971,1.979909725424511
432.98331215843353,20.84864946464497,6.9741071755803015,74.8631889738875,1.8459054023324213
689.4823157779035,37.435506681171,9.670549907921954,40.00308272148942,3.381523836488864
311.59508852163344,27.43372518431377,6.041513651156578,50.29368157194838,1.407006718333056
433.71571882817454,43.10990488441326,9.431402158297827,67.9810718255331,1.9858298672172374
493.0894746349534,44.27645612913419,1.470320913574214,43.271931000409836,2.069973877340877
564.8559873736287,43.60666222783585,4.769139871667452,23.960995930270094,2.2149401544565204
828.1407691144109,31.855355416436595,3.3414201186584602,46.174473290896955,3.7304719023335524
359.7390257266878,41.55106627473283,7.577388684826568,86.11140078860124,1.2064696121819471
611.3875507308893,41.11373496337676,9.83167381447522,64.92140781089907,2.9787060454961933
673.931655089634,27.97751183108139,3.30877056199823,67.00354040670449,2.7826937582786493
237.16033017599818,40.72288685376694,6.88757141326667,64.25975075463478,0.9665442469762074
686.0358815211507,20.925190867887316,2.7828786948376614,33.92944972716057,3.3873169473910667
336.4192989498332,34.90674696205133,6.087972291144489,49.28337048715961,1.7221457703204406
252.0412743882236,25.750220932192576,5.175392380195026,72.56578588543228,0.8791431199263288
959.1084298026666,23.01417214443197,9.748047966683833,27.09610282872114,4.8486336131612795
972.5056264596475,21.92383004073023,6.476745454268199,39.449694326279854,5.150255719631508
846.7178784931689,37.407219396953494,4.145557348781369,39.34233759260975,3.7402153348999776
443.69101533869656,28.49687409420165,2.0268620639914,50.241324931615424,1.5665328776615914
278.1376912051071,38.11916928821904,2.361221458614411,88.62581186595295,0.5034675618021747
747.3864212097255,21.63390851997356,3.0278523695611157,24.725178267867534,3.6742421174766453
552.121994991681,27.88225844576526,3.258699952062682,56.30906960664165,2.0577132087170056
297.63058787582304,33.48728230938343,8.65554452057024,32.55552774085473,1.186816140627392
596.1415280890162,39.76807912097409,6.051005094542724,87.9473581786821,2.615614872176623
227.51081689217472,27.968812573301747,5.710518202369298,27.931245330922494,0.9532489394793798
927.4563216630256,35.647284410925224,2.0329198468229572,48.25207016531139,4.310051993648546
407.02398528001356,42.14944370590467,8.741257240144915,71.65194893842244,1.6896047074272453
730.0178274831856,35.39657970455762,7.5053287288763535,69.31880996192118,3.563365457686715
449.3688608715288,25.823986868840844,1.6090152571000143,49.59100458257526,1.731139455498326
616.0544169422486,20.610019538913452,7.370515875067918,44.25669175669027,2.7976697956183805
637.3682234746237,41.752471847523246,5.8918439560838145,47.83286649870094,2.636955655967996
347.88356442042164,20.531735271259677,1.7355281117210044,38.49933842110475,1.657850717154244
975.6677022116469,41.867541817104986,5.124705773757908,34.373305709475986,4.673490314622403
820.1062586888917,33.2234283506803,5.362266584170423,53.8127788291223,3.858161847826521
951.5991532513513,43.476692462822406,2.4919708614694818,38.79736292473251,4.532172266386441
915.8618803421191,39.96958089434163,9.51128332300254,40.12231654280751,4.053986452666338
678.3199830488682,44.94835276333343,8.649778343325957,65.972924443219,3.3166109279013156
937.4993880184935,28.767795386292754,7.021201035961975,87.79761321899245,4.669295504853245
270.7940016415356,39.17970722327817,5.160660049005465,62.254604039156256,1.0880013283258423
356.7862899353162,30.048272840231053,4.705889874260577,25.388562694547637,1.8831491751245988
236.18183112843045,31.99689050759772,6.858761204358587,25.290852969784687,0.6162091271782226
460.26426461061146,35.687636580459255,5.908886824662149,86.59962545918961,1.7845338155707982
510.9418317515856,41.841927854658465,1.5604579529369706,40.810355321513356,1.938817636490666
417.0792254191167,44.602086729982375,5.612523838932985,26.44468902577328,1.8430322232743417
862.9900073215434,39.206835346612955,8.257632555095554,61.93312110052671,3.7541399441220165
485.40266135487144,30.444169554183343,5.133158898372622,63.655414480318626,2.2494229901068366
424.7476077499046,30.533925056926755,1.4676091979884158,65.39533740830817,1.9910675261227502
634.1568665265988,38.43955753972229,8.076503794456297,38.71814195002789,3.0095231292416416
312.7393799798101,25.969428644207557,2.8122740392237695,21.057747895013254,1.3748828031837244
841.7575846032317,22.761852828284866,3.327587513992349,87.55107586181303,3.6750443251093814
259.64051494381664,28.865553941019414,2.482357180890663,37.562513198377175,0.814698959304875
989.5095492804138,27.180974791352043,3.971935583843478,67.32184016367833,4.870456810897395
817.7958154373259,27.407703011399754,7.810763551197716,69.46409089150967,3.9880589370946335
358.97254522733795,25.840193776247748,5.674472735535436,62.700519195564,1.5167453008182843
204.41769369888192,21.052329740909048,2.843931467356413,41.903517594955375,0.7010548560893586
852.3691427638673,20.446848368335345,8.900470703368367,38.97673776348461,3.7522715940541067
765.4858750780937,44.69305974340079,8.916236694563763,61.836779789189215,3.2209794685324704
783.2057344327899,30.694328343396556,8.835205825414063,80.6266943528184,4.006819933960573
817.0162773487566,29.608166178992043,3.1491659024338534,86.27136102463768,3.4233492067527713
259.2357213872723,36.99118206732675,5.061154097628893,27.413406308263035,1.0105590198433618
486.77258283541806,25.456347196626602,9.864906905267876,30.83800288184039,2.5164103691915405
292.69524762010377,43.749029598755634,7.948112286789914,86.13153811481557,0.761700578018671
890.4827407004748,39.6586253603888,1.2445067910300383,71.55746598343548,3.974544748708432
698.6385014620464,22.235275057806486,1.5868413213444286,81.80956773808411,3.3265405551850185
464.71841988211935,30.43951939462321,5.175382391310995,34.18428438947402,2.056835848893087
250.8466802288189,41.97795768905412,9.182981852754041,61.13101097765813,1.4695320504866718
448.7858573725298,43.61830055728525,5.848316181574428,69.07977160922316,1.4528332099271994
460.14665762139765,31.68503778124674,5.480312572308612,67.60783198128809,2.170019203754893
783.6849426704513,35.335284730267695,1.9492632996096753,48.57061836066887,3.472355547841142
710.0459770841705,24.17584865230188,6.911020942518647,21.077642418391594,3.5589205638787593
909.7701940610613,44.779215653424416,8.39892844540203,60.80482397629842,4.235689165066355
577.7719401295594,25.791792534586087,4.423780067568061,37.71710774257261,2.497351921746153
295.67539675064137,43.56829435337814,7.980506658327947,51.51779723000232,1.1450678574178477
770.595829778396,36.24116622480921,9.680289885107305,87.03067105586722,3.138531651954642
808.6280388935179,35.19341987197148,2.833898132149202,47.93247223497043,3.7726685140351965
649.021758055597,32.81721277541271,5.709966680752672,78.78611246650988,2.933195464403997
816.7737439636488,25.766745292943966,3.58424162276118,33.19784240244758,3.959222448267753
595.0364770915126,24.41320080013771,8.135689771304554,67.07223486175201,2.9712433681762027
618.1862635055952,25.512155226754384,6.198340292930418,88.39048681072605,2.856519565539531
542.0328146868396,24.66095655360636,6.711241757952734,27.132517061105574,2.573132192894633
220.33530139527616,39.48961183916883,8.181227436543047,20.58239595590344,0.6530264780714881
286.3131415946435,28.753131479168253,4.563734253962094,50.350795484283005,0.9921633345624008
225.1433485493874,21.44606691408491,9.23581061566339,26.483783813595704,1.2803516423276304
709.1283290110243,44.22756575352028,5.797259805215259,72.3869044773362,3.3618044558107476
451.48478486106137,42.09464712408564,2.421593405518132,84.01840646939912,1.6692504209736037
606.8565529317623,43.19380707988032,7.263092063519222,50.38146808961312,2.656044148401821
926.0531791408744,44.872695566160886,8.13935215394429,38.10981495088087,4.087183478221133
399.4337833190999,24.347381230487184,3.85085509360774,50.40823233046268,1.9644471105553463
528.3063384285038,29.90605047256647,8.714613312988778,70.64134724950007,2.5085641239159853
804.4409108344389,38.95596189260228,9.155289292891897,20.63379131062597,4.162726625775507
383.03853239329794,37.4005154513448,3.4921403864002802,61.2617792639288,1.312842141217242
261.5839278630344,23.847397658496376,9.851693254436999,62.930417942116534,1.0650171121310719
431.80116233101444,40.395828124765444,2.266403752438826,64.63817728271549,1.717388435395878
328.97702980320355,25.61101429591652,2.81814101562241,36.941545598661406,1.500552642717132
943.7581218740585,25.595440370565576,2.658023553142235,69.98369063646888,4.332895767945017
846.4963036515336,33.42436057233534,9.045907390070834,26.39740404322435,3.851769034158542
706.7230052083387,34.823498371042575,6.8886329709246565,33.94892355267606,3.4315363604291234
897.1684721501741,34.50215519594528,2.3689385490004558,81.42290326581374,4.169580845748916
842.9376615192916,22.287170934943873,4.962910765315141,71.71062055085964,3.764398752338858
349.2560471088287,41.936521565759506,6.5376822256282185,20.96218878079417,1.6868328470586236
914.0471987919822,26.64000106471765,1.7511767649044496,37.386338225886014,4.498126583998372
631.4737935325206,23.237873032070105,8.94174731566605,35.00845380952152,3.0606675754857386
845.95212413125,42.218701996724434,8.232431818973817,38.956442962588085,3.910228923618513
916.8730399387946,43.891287455743836,5.5468609621897444,37.32918391959205,4.2925427307643265
454.4027799774911,41.55319043163627,9.704139537332534,24.3768407019992,1.8294704908624932
288.0415396221414,40.23790186812195,4.759848813475897,52.12583616177742,1.034780279208267
382.34813003355333,36.38104951597555,9.85699287132848,71.29134323503156,1.172010617042682
541.686230901005,33.77143426522848,7.011279989232643,62.47122073022055,2.5612910992775397
854.4118127379945,22.174668997785254,6.712041459285473,67.10101680186558,3.738052524805727
888.5844666050748,30.211330326767467,2.493594057662065,25.680442497536742,4.440003991601667
205.56170442495255,29.31721292530785,8.937349824741796,86.60434971237511,0.6741506711484799
608.5978420620526,26.493844594008156,4.847407191285536,78.69442836901175,2.675276655071633
533.9288025190232,38.08550284221462,2.460100652042314,76.35632229469638,2.059731571407522
377.6862483765842,32.396893376969274,1.1134676797818313,77.60886635292373,1.3739061542186024
295.89229386694626,22.0261553976912,6.037801152745443,85.2897355692933,1.493082736303749
470.0921371229024,25.504580048745282,5.746596599104087,58.09777762795884,1.5965895305462072
954.3277631300153,37.08146909148989,7.474182601322427,34.019741250733816,4.737661371477796
458.5623456166042,21.903271487257506,9.01232247716022,63.17485254967788,2.195280453874636
615.0324973946929,41.28017285121922,1.7146592617872658,72.00170455675573,2.3112462050120626
762.4151671161422,32.37866317534936,7.583468413063261,71.65421753478178,3.2815876584090717
490.9036819034352,32.0146644331662,2.68670749687824,56.50143169168161,2.410381657181356
977.4256661767686,34.81019461648794,8.723593478414475,24.792110353350463,4.474812657592006
969.957835953689,40.61702414812873,8.371571624754905,45.97790569010895,4.288424457282846
401.42583666029134,28.695230197554828,5.867143794869899,84.45366259243501,1.8960753405113822
597.7988047139083,36.95040381397659,7.392185187609804,60.91142368301982,2.713221417073115
440.7026478534157,34.143299099894776,3.8291510186537354,57.68323602789994,1.6357116812781258
427.8723955019741,26.675706754235534,5.240511090395332,38.81974600675355,1.9431006348428383
229.50955788362623,41.96574965887895,8.394732079394245,45.79142439416052,0.5990515489008501
687.6514671839175,39.9356505401732,5.133386774558925,82.67422624072185,3.196384393212111
602.1432185830893,36.46129586646064,4.220184387928976,66.6524133268785,2.8094761883302892
241.18300099999146,41.26454322735604,5.447912025252699,75.11709187266331,0.858394869250513
422.91717138928914,41.68235502399506,8.454243271934965,51.80417961473586,1.835571025165126
926.612708773323,37.70907441787587,4.016872426337855,64.11730536193105,4.560313262464226
391.64951253357793,40.925333209091804,2.5638543382216943,37.386852612024526,1.5254348775950015
315.9158976729785,37.43678654173209,7.408126182977027,69.38225811984404,0.9782348052832639
591.5622082220505,37.00351929400751,8.433803914372735,49.93209335923361,2.7464825223056266
988.5203632884806,35.46528445537961,1.9057373067118,50.97818603703219,4.941316755856201
393.6442172092003,38.81791598894103,3.1588670148035023,65.4525627203817,1.309362242374727
737.7084379247028,23.96512763232684,2.277747907848945,85.53964350282486,3.2510740311127777
809.2956922629741,42.02176897997321,4.131472704239499,24.480444262603463,3.743218544695012
390.11003519391977,41.7960881936308,5.053158810148714,77.73202661429053,1.4674074472065362
782.5730788894876,20.731182075863977,7.739437032669758,40.46681772885351,3.5829479628090235
494.22650617540256,40.64541876411907,6.860328263935067,51.07436181544645,2.3241077561297248
705.8446644748635,23.22174668683613,6.588357107305881,21.53393301425063,3.8497132760270247
706.8237686087157,28.377971356478547,4.171374519486889,41.073225448401914,3.290846460776508
628.6197472598068,38.5877064072902,8.57302797776284,55.18418698410913,2.6375001998659706
272.23181604352663,24.018997401207706,5.241584506583481,23.93232541432073,0.8681440404978893
868.2419964713904,40.44917560297655,9.81194444213639,54.37670105682156,4.075798909300508
456.62405197738866,40.80335444894355,6.707279244661631,84.89774402008992,2.0602122809138126
349.2148083198834,32.68669334402091,2.1363826740805245,27.377525267546368,1.5022132604048022
232.62011324381115,20.15964679292084,7.085598058678906,73.5108509652853,0.9557135893490841
672.7143545505935,27.17595332937282,3.925936138885291,48.67697373631948,2.955122684406445
742.0514894738259,35.423172959393554,7.1769447701748765,65.86216001670365,3.149407566601666
213.27026314228493,44.529654450685584,1.6267703334616517,38.21656185896606,0.7441073194208462
609.6744466394248,35.79533817541671,2.5739329345836346,31.16445837789508,2.8623229176559564
381.19662015835036,26.495089526603994,8.701635330152076,31.232382998985848,1.4434541887926349
716.1382323275599,35.85014257749028,3.044616013211634,24.934436195020126,3.551180979373226
339.49314320399316,33.49963449289639,8.53337012718646,32.99526934308701,1.5819604791273572
752.7501904819727,39.49613487877859,3.5134847960896938,66.49535694922778,3.5859875146745748
509.3882770404299,22.67451597067396,6.785937190528369,81.71834282904555,2.0240527339508634
949.3839909893876,39.025697562550704,7.247355161588479,76.98879799138132,4.07446765548735
310.0167553167946,33.531664466902754,5.613892778305477,67.95940169121388,1.1613323221451677
472.8530808402068,44.07480009647487,3.7477960902705814,27.730230438777188,2.0435697495431815
290.77881699247126,28.54680415096715,2.913799387339865,40.24312124071649,1.5054879533034418
939.7548946228502,35.8155473283487,1.298704191061836,41.68648127257283,4.424435903869882
901.8714827047849,43.30070263775043,3.7355176111665145,37.49698624783349,4.027530511511676
406.3533021721245,22.56274319976698,6.878465114781547,56.05039617968062,1.6263337472660437
727.9872368273433,43.43071218091128,9.444743366036343,57.48876704157708,3.525546510109006
853.7777601609727,37.197143057520336,8.840840340367468,44.982018261977714,3.790829055362911
644.1606492795698,21.695926477629296,7.8945829888177235,44.76524111155052,3.3978988701292745
623.7204626848052,27.524089173670404,8.096026089279688,77.9988918534257,2.792407229844762
393.48183272036135,37.704302216132035,6.984864131283957,75.250499382378,1.8976788398249798
274.4822142447194,21.683765036719294,3.342581718094027,41.54570821765219,1.275119896794836
917.7726063626613,34.55426150440683,9.16475527635247,83.96519107112815,4.231286042265539
920.3344457306644,28.64707642382392,7.036590807152506,86.69705119017543,4.178659903812556
706.4811658186143,35.52288794418693,6.04396567882396,42.87197794210286,3.1441307318742595
471.22383283896056,21.14355084531282,1.9989052229213295,44.80974641551384,2.1807056058441203
479.36765969012873,41.78842015380941,5.023499894257829,55.394390739537116,1.984066612562175
780.7645430961915,44.33722422943492,5.143224440817336,85.87845687735715,3.2727957666345
917.6882079620617,44.22194638214229,8.78107248570403,81.34236031996181,4.126032022999516
909.6691394120938,38.741295793573116,5.919833981690096,27.179757380851285,4.240685309940668
823.900436686099,23.2521560032658,4.423604940733687,47.49115202899914,3.4547235992715506
713.6253169234302,38.95657989822556,9.791202956595933,58.73598328248403,3.3485465011595856
267.31197199603906,20.614672911470038,1.9964853399368412,55.2192730786078,0.8639600465636549
329.302971275691,20.553088788224933,4.802935854807501,33.57041475558249,1.2392353754400416
918.8433508216634,28.09025547873853,1.3782220765426476,80.11717398177083,3.8431754234661013
685.1432477276719,32.21607976011664,7.659137086902373,67.3858548097786,2.763187973582106
207.35764129330371,39.26018544519483,9.262688969792356,78.65358623962625,0.401043458308707
281.1772342928257,37.08238441516263,3.5203359659544047,80.11349955446306,0.8034378559965659
730.8014152864447,31.14756765941871,8.725075091192089,72.38490975660179,3.7629149096539884
204.04926707697496,26.840666657041645,3.62996407415708,50.74474208748021,0.6177735309435988
328.6464411339989,44.92811250394278,9.196931454795237,62.73827285107972,1.2879631852779183
638.9870314932689,30.654532555899323,7.785657132371055,31.225578428382022,3.061748094999274
753.5161581541546,31.284675608241887,8.244160991572947,67.15517922324354,3.511519933316496
721.5690076020804,24.090595529791727,1.1620590004040905,32.54772790174965,3.3095961147718684
379.4154475684478,39.87023871874823,9.665293213666233,68.57647133571098,1.3154690195368106
769.7433770780287,37.34205564453721,7.540038928632909,36.07187125277781,3.8441388746677165
389.7992699974401,25.51924031971901,3.7427598584751998,28.228591010515398,2.0736412906660604
460.3197585274142,22.059526140396066,8.464551983729622,31.56991431000702,1.8506230034631515
797.1931240944193,37.012482551867826,3.5336907857343696,20.13944946533492,3.44142999356016
719.7063192377717,36.362780357028385,8.85478455609515,70.31177324974712,3.215413868765582
879.3787283953424,26.831488174955233,2.013223513707433,71.26807343408655,3.833399524651097
726.0903138402747,43.771589056260254,7.333173797147162,56.04533449392816,3.3285015962850304
654.6468826683773,23.776447294522505,5.866286289804193,31.29539607387686,2.944550433563669
274.939814262474,30.80837002606505,1.8688102317589674,25.848803625748282,1.4853051819967227
494.1726424475468,43.59039800418997,3.177044454329551,21.33902765061009,2.2939317848499248
412.16189414538036,30.493182923153057,1.111636326495833,31.60237238756545,1.7574204293765998
395.1917147032668,35.96314869160214,5.218911689180553,82.35988744882027,1.7613827981502297
978.4084438019564,29.939859949069856,3.711387346840003,36.907578919117725,4.81423629348911
514.4781797334083,26.85538005871675,6.38521735867983,44.7989929052051,2.229153961831412
913.6372441416906,44.599441198995706,3.675140269377555,27.374183913693322,3.977702797370267
704.9109007978103,30.233350157876075,3.699272003562862,35.56529133237192,3.2407044724107337
835.8490428333188,42.352480091978364,7.6887387885844305,56.34571995461436,3.9691309740088583
602.1096744841536,25.748865147277154,1.4332855238051811,62.542687816695675,2.6844521355213917
661.5231077010873,25.327617600627082,9.126054956727884,37.17466199163478,2.847111841212254
594.0141550550911,20.778352072112785,8.670374869520632,24.041251145758203,2.727047360863055
356.19439023843563,36.29167063439712,7.0102421490376585,47.37230083891791,1.4487209134322487
777.9616922092042,29.21315859309403,6.338994130966459,36.39423596484339,3.6365351649395574
424.61788995268466,41.608956245990925,9.03072248325687,35.368774626086136,2.2113852230744406
219.45277314516306,31.83024766728893,2.66797161575843,87.19039618994186,0.3807424405084113
716.3778367257343,44.20483569786804,1.7107224597174575,63.14103401480068,3.1488910561819137
341.68854352563915,24.63813789257803,3.155591529185843,58.98149102204671,1.7050328089076967
952.3668674823315,41.71557919889027,8.151204508301714,49.104257246632535,4.863784070180083
963.1428616020698,39.41492131979354,1.31203240053835,50.0261033401101,4.266874051506169
931.8915121763588,39.2730461161013,6.245261515751407,57.863350268665656,4.374191520042518
496.1269602043555,41.11958070292219,9.95893764572179,68.75008649252752,2.2450696453616663
212.36529322309394,39.02559977357497,8.701264844537855,69.15022673272806,0.7463916581156791
942.6548500701803,35.655508040785385,5.693011201392305,32.01857353938147,4.386773206644269
542.5473186538514,23.28112194205969,1.572768183579781,55.00789264536389,2.488560030129537
973.3238552349356,20.8131544872813,8.482361629471388,48.837066652387136,4.224011613542582
970.8959816714023,43.02119619539217,6.390806573594895,80.93688763885689,4.5266242006098
882.407564373888,35.41625786301845,2.0343969735361016,64.19932448528635,3.9954001144717983
435.5591136556685,39.91343227440441,1.844715563410206,57.275284649118724,1.6565100081486124
508.0781828815402,32.03805878781375,9.186641374929332,28.077624952524218,2.7569603432670133
880.9093372134855,22.93270472405986,7.022802366442706,62.3946522526388,4.055899577892295
453.53760412502214,23.129644805063762,8.4635811938508,28.20427339761634,2.06863945184325
335.594197348874,37.13913218072429,8.910810102540406,43.60446028960264,1.7958976068496768
645.4410099666801,30.757647372486566,6.1459511684349,29.99893753700323,2.816137463433255
948.9238193286247,25.013118167508416,5.657017165795372,68.44515529170582,4.360714891113227
756.8238373399784,32.28986366853592,4.873846692888912,34.43764796853068,3.460417103249079
656.048936071492,21.605223426878354,3.8525192901200738,47.43015612316182,3.214529416070664
277.7411950166148,34.54928504785997,4.911363647728406,82.6972344333145,1.0176064301630763
692.0057813593357,26.724835110877443,7.964916901571407,34.30214683792792,3.0249495306130245
992.0430800834106,39.93897751592971,6.417310879136184,55.54635447711454,4.471645421260813
312.0672121892192,27.759048973089342,9.032709609593615,49.349016281621545,1.2432308442013895
614.6637218909893,31.38050372704503,4.99042012941269,21.26868287320108,2.801340399981739
901.8984575423643,20.290513497702516,6.463806208468786,75.4930679500969,4.370045872729944
792.6148942033635,21.81117219486397,6.681767977827898,24.83321344202198,3.9125728329182867
757.6125927962144,29.81233891016712,6.32527446075693,53.19785146838675,3.1548470103480852
761.9872671896874,31.998470867928088,7.323703957769647,59.2474806457265,3.730718942645267
487.59292097580413,35.000513702982595,3.1369012153732565,63.989851963021096,2.0732315574299425
434.87347541159465,27.29156446773258,5.611273997912116,68.20421405155129,2.154175193754569
847.4889243828109,37.37454715316356,1.938023225275129,37.72906684659006,3.9158411466528755
848.0907157433446,41.503059929730114,4.460601948803313,20.698514366091455,4.0935025812104575
893.657854864083,39.496274722333744,5.38900361759138,70.64105636484385,4.1331335490092425
930.592442045177,20.990470633708927,6.870018335909252,57.495961954330504,4.734711097938869
609.0739190887502,32.012673681445726,9.55477947327583,78.52823922450742,2.8637320968493514
601.2130357497597,22.623254460454373,6.405859598935203,77.4971854030486,2.733372406028281
838.6361431734201,26.051125396563187,7.692345245589038,79.03283174515182,4.382937647412322
719.9711446222121,44.66656483167866,5.556394535456825,53.95662619856781,3.334212137562253
761.5735018061627,23.56238857253783,6.706936282386982,43.3539877085806,3.7344232577368963
836.6341355488809,32.4722038362839,1.638389945203961,75.40907418139591,3.485137406615185
912.0042734540531,35.45389335795298,3.289524227576623,51.590587912047845,3.9104302189254643
470.39612548122864,37.561624263602596,4.256677838846248,32.840953748240416,2.0543591304789324
500.4663621119552,33.991217087172856,5.252440195058622,79.8481813693032,2.1368763204042613
275.1855518726952,20.24427118547959,1.4108387095214536,81.77919137406431,0.9153189259493173
662.6241127969392,28.1615327060998,2.2602168779798593,52.64168292981191,2.999622748546084
228.75381903739367,32.94279108461779,3.491328770121752,25.29898091168512,1.1512951835285743
572.4784145059682,22.196662478620834,9.743794218109455,47.14782629418519,2.8800861744275115
634.1157077660613,28.76567328022952,3.9821230639274567,76.24763616238224,2.581867293031248
429.2330017026275,20.830077719784164,5.338369523008743,83.124181998236,1.8560814923504103
672.6666084552086,21.964462428875517,2.764879414645536,34.24309197483171,2.969506526160023
224.40019995123953,29.9230819050399,6.497020639681915,24.688152841769007,0.8257943045341869
229.87855099937153,23.31789385107651,3.5261489396437686,81.41453171929871,0.7411845987144419
858.0804485277266,34.18852120653895,2.8629332059458408,47.25834572852127,3.8157298867143172
488.1525131290103,37.236624228431644,5.649153656013811,57.92326749872943,1.8145057870888737
301.6484101215078,40.01466747772707,1.0495521924437874,87.76460684355312,0.9280262696883999
617.7946080438435,25.003756106120253,1.0689762938430278,24.6595309539956,2.6988744157574223
815.9948424788887,24.187064556476745,2.9716192819167198,65.38226052164669,3.180881693424263
372.65682199747454,22.614196008360008,1.3304922625073903,25.187379580240695,2.023971640893772
698.3123806552003,35.91075623859092,1.9722317871762223,46.28282499265502,3.297087257491641
268.2779719950144,37.66189316217253,4.049745844048765,76.26701816354128,0.8179716639222401
241.34537693488616,20.78965362064105,8.223271116218315,50.34305629289441,1.0663734681547175
625.0837052545185,43.405306156092244,6.148437790323707,89.80276477320653,2.4003978215082187
632.5080972880852,21.29928209128681,5.614009533607748,59.134149946262156,3.282704131869362
709.9439211985652,33.53240838252676,3.6413994088730948,42.48135068451674,3.5817185479306093
780.8730669781293,37.72651298627291,9.385783474895348,35.40779281333272,3.6753390345484633
980.6816635700277,41.77422809365214,4.573135371134725,44.53643740003133,4.692761998373318
613.0402786409563,37.85217330331069,1.7838349011619434,46.07732916316856,2.665259055655361
458.3651783529968,40.04320207674479,6.5535986450602115,24.809957440677266,1.7055008412421995
836.148955814963,28.486254813570152,2.0245455412894127,45.87019395987412,3.762268080052422
416.6658010096594,40.3706278436628,4.107008285215229,52.49669638174574,1.6831550929068735
551.1771365645088,22.00287115961688,5.56670744846028,70.59164265671632,2.4150982911334595
262.7651050738128,42.37041640151319,8.868002722166583,65.97106393051256,0.8918086324492314
220.280594732366,33.689809403843405,5.441919223061068,69.6135958660408,0.7158361608507129
970.1187317423401,40.43244424906234,7.3203288942849785,20.585457731379996,4.535329179070924
868.7840964097646,31.307957112957503,9.935351550991633,35.23671797063752,4.169526204097302
756.7793648749583,36.08944237991312,2.1834020790818345,66.31790018798995,3.1219136285019973
527.1623555314159,33.16006652340283,3.4725837296756756,53.8792557725823,2.122501045645813
338.6354560566766,38.2897380438833,4.551184680378817,20.371943296784217,1.103642853718564
325.1496341368688,22.04074955076474,4.796453606849482,76.31462497022756,1.5442036073104715
400.19431853167623,21.508802099764097,4.699189677389912,74.09667013032362,1.3105446365798266
639.3813317648965,26.177580850253662,9.168499023008994,58.38934140954939,3.2324402166264123
771.6767381600499,23.98861700282971,7.426293800201708,24.65243280433905,3.994988410619877
728.157901374185,41.794589164805046,6.471146926816334,73.65605346728093,3.144518329428115
423.9471175567543,25.480349683951108,3.784354460765039,60.859951141195474,1.2982718603117103
963.8922245305553,44.39663139547828,8.414113457991652,74.73719840105714,4.322040568662254
790.3175333566148,28.422394794277672,9.5955446033649,72.62228946770884,3.701193199714414
643.4832420091205,24.55294789221748,8.390784542952039,76.21014503704859,2.785162487922589
689.3765969874818,39.74246267856198,1.0140859467232561,56.26056464832374,2.8541752690279583
535.6800499422319,36.4676943875219,6.727612331650663,29.82271627354605,2.694669159694532
398.18479160092596,32.45489291132847,1.4602184329789065,66.98102313657822,1.694602783738115
484.77814292100925,33.88408877344078,3.318464983003497,63.43316495363794,1.8396399737478124
806.2768883714953,37.980044456806596,1.5357223031299452,71.9577231039361,3.2188631632250506
211.51479090380468,25.711368533282467,6.43415907654449,31.89167042355147,0.7999566463480314
292.858112405533,44.90834790141855,7.179309221433461,33.648263993020244,1.0488053835860207
236.8021136174022,44.36982905366958,2.030388742593146,82.32866620535299,0.7155025574641355
232.5830418551761,36.25814215867342,4.454549947404815,72.49844589164496,0.637364552340421
884.3684672088058,24.988561273228626,5.106128580599878,83.57599420902261,4.209227221578067
762.9262875040189,37.00570606078229,4.321477195848249,73.11007248147445,3.771814583878334
579.3390632698602,21.804960224479395,2.0892250043667375,61.80087141932113,2.759928675842052
278.2673285208012,20.766312555145152,4.770530111687279,65.78929159195116,1.137887834636243
593.2927000934659,26.442072212780342,7.760602430275763,82.2389546758007,2.6561468233827807
578.7774166244526,31.565573918482908,1.639068980799299,60.51647281583584,2.4186451510857747
338.56149592801216,41.706812635209516,1.7216201267371312,64.26739270298711,1.417765152907163
547.0813193903784,38.1792267441577,4.192941626523858,30.95337012025204,2.250103732610028
518.8037875178987,38.56766302999952,9.475531404570326,53.17448540812719,2.3005485063646476
692.6800784417732,30.637333361201883,7.017153820506227,70.14779783706692,3.1673141197090553
708.074920694115,28.648374813674074,7.108029610053083,38.96598888214558,3.2177626312082985
236.2432078176356,29.27596907461507,4.257279917540785,34.157792636717446,0.630793251842588
499.690091701177,44.69123909340145,6.342947120876846,41.967876575709084,2.1590561575615226
700.6879325713892,21.002729785312063,1.0911806562496904,36.90504395949834,3.229225095838746
602.5090068640702,41.675787403061214,6.72486441768588,35.04388459254771,2.760244773345675
885.1918729506579,34.46688521430983,9.21958252818613,49.739559000766086,4.059482983884548
726.954905295156,30.965385479739762,6.513161215103373,83.5486959718474,3.5324507637993645
330.34754166514375,38.13144151037841,8.863287341197106,55.49417527171028,1.161345933260087
256.4549979203439,32.16672353561757,7.515757499194844,33.15442665707261,1.387022107718874
713.9354225650525,41.83558095204151,2.085025747633212,25.388016856661185,2.792718482578537
221.20904843329745,42.51754660028146,9.122079765572575,68.73093015965478,0.8128035240671929
668.6204650187706,30.543023171836385,1.597994599201974,46.79591351054715,3.0711262948437588
952.184193139966,26.920694930876287,5.805707252929874,77.52816626097515,4.293660415339539
660.3793423007032,34.80875821483406,2.279234114141119,66.16575380485392,2.9519410916004927
510.53594096521755,42.80908364041727,1.1053594965781366,75.73690153789579,2.2511259892297177
714.6305747538826,25.266554725141663,4.798308341148751,39.03622275929141,2.895017279951576
566.6023123932133,35.57416458908707,3.6553663688874063,68.46512457227408,2.5139959558065588
636.4934314527479,35.78900550231302,5.374004444178427,38.48433892856032,2.356434349201042
953.1718470212202,38.327825560382024,6.194798980610957,85.7347935615204,4.141874411286817
508.8821102406194,23.289192128181494,1.393651650780526,64.5461997073362,2.5361325365024094
968.9524510591314,37.895624117052215,2.1070296561137107,42.71582601227395,4.30615854854445
924.2805135648509,42.72581301664103,6.027781568053828,38.865830360459086,4.002192415416209
356.63290783143714,24.492077721756047,4.088506178553924,33.36486095501505,1.5136966178037372
255.48904070013236,25.93858312309694,7.562561387945032,68.62486712256094,1.4456421334161815
280.6224011019413,44.28487735104099,6.8706248373274565,35.31009290985491,0.6607190934849309
214.57746052123977,24.524423817737244,8.610439266909161,61.67122861492423,0.6662474102092923
275.5543686047427,41.35962733423948,7.2324354400230275,38.52445188477502,1.3312617113481544
746.4054187330855,32.30694641120087,4.869379696511333,66.3378261355708,3.745210039920051
256.9509187681832,26.180776860079426,7.056699601549892,77.04578099783774,0.9893030104173873
455.18050423500904,41.768747531812785,3.4784305682987666,74.46176702012572,1.5310495826773125
875.9002487755637,31.132631375066637,3.756821489003914,73.25959316515471,4.415960873938753
218.6175485886607,32.87043384824226,8.10086643928714,33.140568398457646,1.1790080747995477
851.5747860711487,28.98083423499414,5.01777564761424,26.18694628891631,4.151836605932702
425.48381981871995,34.823771285873185,8.185423064665173,68.92641799411699,1.6425565417524535
294.531862097325,24.08809681462557,8.401801363014506,45.78430496560459,1.2984398915018427
757.3897322913206,29.77703841629402,8.718061038951554,50.26423584823431,3.530939010167259
703.1542774239072,44.23530805838219,9.249717122570866,22.180436495537375,3.2802220369191724
901.9776108216423,26.45333581752819,4.878866984619666,38.170351449253445,4.556791620353084
788.0568350431087,36.4184166135323,3.8698013648902494,22.35734827121248,3.784664748063081
842.7847443078789,28.129751605617372,6.2397887193470245,81.54300408208734,3.6788607563090356
425.6276580570452,39.33682814216502,4.340551810938648,37.03776782529714,2.0228047994356624
341.9516350237783,23.271841517958745,6.4096675012020965,59.01360187011056,1.5498323342257558
800.4918013126867,44.24552612696362,7.350272763794422,22.728552446279128,3.7989652548489112
845.4677914138113,31.34473853459098,7.195645166429232,66.67931739139607,4.21775401212466
992.4041136005386,25.9012615836616,4.370975983181092,42.61191420278657,4.482887593521415
530.0941415291412,21.837418683250316,2.501741815288775,82.8543430870366,2.3092575552036125
497.6144686342265,24.24394762718852,4.874764046159868,82.1682732253825,2.0725006910998367
821.1303685935975,32.99434871390044,2.283347296737179,42.77034328532234,3.422262730119991
472.6428322024143,28.425079410782157,9.010873316654274,83.06726269833275,2.1623883033616536
944.6058604828518,40.72208414706523,4.112897146640717,89.73103714491452,4.7209156399034775
886.7302014744095,30.772188091545146,2.390137725009914,77.77909648867637,3.650158139078291
543.1952219000148,26.217856814690748,1.229029839151758,79.14099434286604,2.3136400272405755
800.6968542331979,35.42862466510075,6.8124014765783585,37.430611527636295,3.838693418006231
803.6342992677459,37.669430422136145,6.732120857092689,60.36916792004294,3.679996913750372
282.4990950687461,24.176047697523746,4.065437499231625,24.707913977715748,1.1800023098945458
922.0423253436534,24.190480407207943,1.6454069996288592,26.64425557751688,4.088083178794567
604.2018979582857,20.916785673338573,4.686660054057088,89.92248284233034,2.7722872170425563
861.1659728861933,38.41005037664101,3.800957455570542,42.86474745981377,3.760666219453155
456.0396808244894,36.59511319054513,7.094085757615084,72.37287384341926,1.473398898686748
916.4185827969604,31.865771893745347,6.452013245074213,76.46655371187715,4.478460796627825
511.3613429873305,41.10426122422993,4.28134355377786,80.06162897050604,2.2629448797973066
208.6701211842387,40.14175382375133,2.961032988294911,89.83398081815096,0.5318179611834923
924.3055811354109,34.6338591099188,9.892323695400327,36.90475396798075,4.445041218191053
273.02934142890683,41.70678201283147,5.086014590765034,22.82455788017898,1.2190136656142745
455.4509100723319,25.146030250919207,7.194468122022133,48.78340625962102,2.1169847291292845
960.049573640644,22.7979904849432,2.264976708205247,29.105646888026286,4.740159714694103
960.4857175500449,26.74374028792474,5.37030729693458,21.569812241343858,4.539761266152211
658.7503104986289,21.427171402232872,1.2478304788251893,45.229877899904025,3.276373439962301
705.4697697358395,33.2792382000258,5.549096061194049,74.86167757526655,3.219972177938824
558.7564175826558,43.41514230737404,9.67615666405932,59.63264838575496,2.4726988900703897
434.56861735845166,20.983588516712743,4.457860416872202,41.894459244724786,1.7143632737307193
462.9316362959328,23.052747850250668,1.3509641131742043,65.80394038449037,2.0369332753320024
738.0147648616307,31.30497570708588,1.2786021182740916,36.24127262161675,3.163722580860653
801.899623550144,43.34687543819762,4.4918808395218255,21.00670122504595,3.4961970324033897
833.2632349806788,27.903902624418762,2.4402244281687464,73.50473705054992,3.625997037458257
831.694514235643,32.680870217209815,1.2101688669536732,63.662015940480636,3.5152962280843845
272.96488243895226,21.0393214762598,7.805922525551591,73.3611837150672,1.588781561116453
595.5362437620652,23.70858002405222,5.126707079937016,22.725661168136593,3.0639460502299514
246.04700801331543,44.665753073971175,3.603202947753891,78.59837394814565,1.0825183208145042
639.6231058589884,44.127967410901135,9.100748647148327,63.36683400254123,2.567538156212702
553.2244010987016,20.12349952336024,2.0452506418047305,59.43767454988481,2.5011674239784094
910.1633462066399,43.79529463558097,9.603269460597874,63.72298336801721,3.9187816821124937
480.73201004166293,35.97799844538751,3.8257004563961754,80.51032728078549,1.8202344448813799
293.6536131420847,41.697957363000555,8.995633050778132,61.08555545912349,0.9254046454944185
314.3933456422687,31.368496390846477,6.426485888315154,60.66652659217255,1.513395230173149
809.2085053739778,32.88990071448126,8.440366237673388,89.3475409946036,3.628009826868985
694.5744506530089,32.22116450642301,9.856118468894179,72.97111169479976,3.4155166209279013
280.8981408982322,36.67160643865261,3.5956489403687115,50.96056638157947,1.128590664066554
267.28544489199794,23.49128136890782,9.650219368668337,69.51779000230493,1.616210968560626
760.775305167296,20.74933974681695,4.505337054121783,47.2461330184252,3.296108758785951
258.2104050913548,27.698248539779772,4.4696071426323005,36.021282373844926,1.2832657661212923
857.4880474322849,37.61701906841617,4.063483938290551,61.77963138214316,4.098268636558933
764.993781725197,25.04633630307371,5.872668466128267,84.9727468679766,3.327337653576453
265.0790245135198,36.835810833122935,2.387305388606384,85.03976640108239,1.0361302565009647
267.8701712681535,44.24780115268176,5.983403368222101,43.933369467384324,0.995903165848869
989.3116628009403,22.34751789473546,5.875343311690036,56.93742263551865,4.68121990402943
499.41663660489627,36.81505295562816,7.85711631344383,34.81451289989028,2.051658856542896
496.51371765351274,31.093755482614277,8.50284965743827,89.69417766492184,2.018477780970505
850.239653806002,41.703556359437634,4.963972152811817,88.6782535507555,4.166048060547545
957.7988619070869,24.428744736184647,3.7209992441634436,65.46562507952132,4.488332160689311
988.8008510582968,37.315648805654114,3.33401407585385,76.30898417742313,4.641336080703465
802.7025482071533,40.95288224120276,2.7516145303438475,70.05701128985899,3.360722310317387
501.0076684247326,43.61535548685058,1.5188282397912238,61.52107533276278,1.8202486121411283
266.800573358935,37.081200707241145,4.08203180951242,23.73435978922284,1.2137597381840548
821.7175327419494,32.42936910021068,3.4322292291770493,51.833503978686274,3.4793563070235014
646.723399788644,35.44618100503035,9.697756472797666,67.23504115171875,2.855597482464378
539.377607397581,41.72262461196796,6.019379436250396,67.42721297185793,2.272000435863964
925.0835080757888,34.26524366597074,4.125493351274568,46.11858328956685,4.2953123245336045
288.95798584492104,20.759676492420923,6.224208408943264,85.91843906606213,1.1540217973439058
594.1000834326874,43.273717387674445,2.2527703121112594,31.714992256574668,2.598552621234953
209.08291581393524,37.23816877578903,4.996393742819826,55.02516123508924,0.8014815948615663
574.928513595301,36.912834644431165,6.636108892789575,68.36187835855759,2.648440151762735
245.04262054546987,25.39187880994293,5.400080486132063,68.79950641242664,0.7445361497921427
295.05433301445754,36.47213675581643,4.616009205888918,65.40472697381709,1.0152300080985082
294.0209974216839,29.846610141353963,9.944635500097284,39.270174941630216,1.5309438181889528
719.3682416928508,36.2808244260373,8.922832859340343,30.934459808063536,3.529550139289335
796.8359034123387,22.664825757699766,6.610653623434961,64.51582287786977,3.486140795901443
666.6950120777277,36.446132615075896,6.124396250640545,61.95114812976064,3.0378953430616096
969.7380387796335,44.985343144266665,6.585944318421257,32.55492072024687,4.06980075750847
499.89646361896325,21.2053009715139,2.8118089704018994,69.35974018993943,2.21433298781991
428.56966902548857,44.429354605532936,4.5562396893788675,51.862039421355945,2.0655089173661745
894.8793025515682,30.172699018071768,1.3551357960180939,66.7432414122207,3.8767072122192476
378.8766708155621,41.76883625843148,5.27991433738144,78.61569558391055,1.2581972779749868
970.578031552489,39.559637101456836,5.887221255618969,31.88099000038462,4.664082188174059
209.72357975185307,34.1754065246667,3.0497476249288864,21.340140759778567,0.4166182014496897
975.9030613661113,38.46123023128317,9.676259624489624,74.53718104770508,4.412802828935099
234.5279295604609,41.962889032533695,9.185091498435177,62.67881976068311,0.9306431754406554
912.9144909584569,30.103508041275823,7.499289119103153,68.97476987354852,4.1487164474766125
622.1608872690399,28.175829039080966,5.800479658888263,78.67084824920498,2.740520045191551
994.3718368954403,36.68983463908962,8.829722436829165,76.19676543771504,4.777998898010466
259.0372517883191,40.19614854853147,2.1758710944111663,87.26441028501773,0.8465225914817811
643.0834275210566,39.057128369415395,8.114588148473965,57.51545551964828,2.9254703851003927
975.4420284952791,39.94534122146587,2.1233873257016347,54.194694286193375,4.3440106323493755
618.478275336119,30.889582870323324,8.147895962944649,48.132103992351105,2.924201482305344
703.51891050821,40.445855404375536,3.481908114262213,30.75837299909432,3.0965108787643985
756.5989511876937,23.00522638426521,8.8938152291637,60.08250630174157,3.7022149060607643
563.6328518142186,33.61222744902124,9.49637884442858,39.39087670281852,2.4938014030402194
702.0464640672508,20.14396651245304,2.3391637246460406,84.49152585490829,3.1500790831189196
667.4514495384801,28.114645747506756,5.164080445588541,60.82335629939683,2.8397541280199072
920.9264083927911,29.161538371784946,9.828886403464166,61.49881263556771,4.379595239043007
236.3571042731663,29.904317290231383,5.35066692375832,44.844726261390704,0.7378660616901336
424.77055167378427,37.38668016724655,8.771927702630906,23.639254638439525,1.655336711439796
960.329187261247,29.713952531758643,6.298583699181878,22.222063576109203,4.637766187391146
912.2110271127331,31.217340565563266,4.377969171276417,49.63346009072383,4.279722148323646
564.5254022285703,25.938603271858184,3.5720519997328317,25.91957646680665,2.7394176124750276
696.1060782412294,29.3312947907335,2.8290078197747857,62.479286887809735,3.032613912003668
421.9049463849061,25.681740681578788,7.856183722399275,81.66811039477602,1.9281053481345272
350.49692777900907,21.829898094211092,4.478864561407251,81.80403715631056,1.570314389323191
570.9587239519858,35.086214834534445,5.60147915980676,66.13317870925627,2.572649458758526
482.68178242084224,36.70531996387541,5.430929320010637,34.78622820310517,1.9202711058990312
666.9248894806976,35.48725865024036,6.195511263098181,80.40977819512105,2.972715226227044
262.18770957198785,31.58735109501431,8.79019431062097,82.02654047192456,1.0796439013892987
979.5158461329332,29.494644504480746,9.826654092250864,33.76575094670711,4.73307005895305
988.9685955836823,41.583341239295635,4.668257877164352,71.61982600394741,4.0618395393866304
758.5293712157961,32.97704462840545,8.447670298956726,40.05636842489861,3.5838150037189593
628.8770930752963,31.979546940743276,7.8807501518924585,76.18482186470507,3.272341563156937
447.62209302906217,20.641051645160893,6.1617605631001595,89.80665299325219,1.9033140002178042
851.0360157655589,28.53119569065391,9.604424292507398,22.101820373057496,3.9721375474542233
747.7849380431035,29.504890469646426,2.804270639755625,82.81561060536524,3.408999689045715
330.09355147591305,29.97056952242251,1.9833778927865926,63.584137351906065,1.3257369874005742
928.741747595074,34.504309230683305,8.6856577025988,88.13678334153748,4.534652266120721
858.0297943385352,33.340063668171965,4.952348349703735,52.550666226849934,3.699120338369554
959.8399306335392,35.197627319836116,8.622719687863544,79.31715513999616,4.607319513961612
780.575606710688,39.1220815385532,9.037811846758734,24.367584801879406,3.761762697749617
690.732156748632,40.324643467902334,1.562118342571643,43.4695335054807,2.966288341516499
534.5944290324951,37.95307690566236,8.951182866874547,24.6911576425847,2.4908201817425115
946.1827866832106,43.88809239887337,5.0348714983248,88.27401934353493,4.422073897026418
892.8511116003267,20.45581456690904,5.59389240103809,77.18817350902857,4.391661989340938
236.17493608495153,24.894449642088652,6.639332599838892,79.67831948721793,0.6767563346114673
221.0935795978016,20.189071874453553,9.33744346057078,85.6575662003726,1.0830425534062398
501.1706935024397,36.186867853865074,1.1720448498678762,25.957244028384974,2.102573476907631
848.4426646254664,42.450763723749674,5.291591214860354,46.99183147593334,3.8441286668382784
989.8209034519556,26.087057414407482,7.189498381875046,24.972442233080148,4.796718424487382
320.33351288282256,43.175863619907666,7.5043626192840565,34.755517108502005,1.2204365486240611
675.304572281708,21.50668475723902,7.232791883833972,36.055604392637065,3.472342142148968
504.7126853048172,43.36090067013786,2.2099161646730967,52.83750477333051,2.011734141599666
975.9315182516825,28.790567180990863,3.694560295345131,38.79935172175498,4.364135196235264
873.695138508567,22.53552071123041,4.228439728753122,27.068467477243274,4.094846373857161
870.6629637689102,32.14679397965814,8.239934869115544,31.72437623658754,4.168935767319201
574.9545278359763,26.4194141930127,3.508838851730977,30.309289448646364,2.865979652246491
531.8556018701322,27.12182254904807,2.8963446748048285,88.11537585386088,2.3903748626383217
418.725657544565,27.682249123157163,9.617032171342865,73.15047548429315,1.6927384332001156
245.1003973207417,40.075647445816585,1.07976956602122,87.74330256886934,1.1678922816640067
891.7779010040425,33.47903191688136,9.980387701137804,50.7818340555536,4.275098333958644
850.3208073040621,27.782692478900092,7.091391689716561,39.48579371638596,4.291711505692672
999.7741386289044,35.25834458277296,8.456223695042054,75.88052380464308,4.633307786892902
997.3094696591243,37.90376685557984,3.6515745671157385,42.837774262880274,4.701537471497467
644.345364482102,26.815600018338344,1.1288374990035397,40.956836159374376,3.06212760079213
815.1899321444084,30.33872753813379,7.64082566705377,36.275419454548185,4.096467002123534
955.8125839059425,23.04715233342369,8.507301373006083,29.077528475696475,4.872056027779849
879.7179125419292,24.52873373836701,7.664285187581672,37.952414271173616,4.405122500549858
397.8784813945581,37.02794634912457,2.285652585707547,44.87238239317214,1.5120638841705296
560.4353082480748,24.535958692390672,7.7808513003127215,67.17959457020113,2.463725582791107
303.327532121196,33.1290845916765,7.920305038968769,24.37953895536161,1.3615153396227064
963.2408218069779,37.72615654306082,6.926864641030494,34.73548577657401,4.694634479339957
684.939707560704,22.671923077368596,7.895043395160275,76.63165482041734,3.1580727251368836
382.9142444027702,34.182805490722586,8.613292957099588,30.284534650863954,1.897474350089766
737.3605475246853,26.414069592534094,6.522437028137126,43.985160256576506,3.7556638108449114
694.5025923663167,44.0731718809395,1.7974424257271115,80.52612453006981,2.7234136586619067
486.5301744262724,32.08864116799812,5.388650287004898,30.844771780040986,1.990463781872141
290.84607375970324,40.14981374437895,1.6988440120444457,25.791578493273292,1.0070509428280017
737.2585564742396,33.755663553906544,4.667887279291877,53.91765965560076,3.395781106744608
616.2461607230346,21.085313321370478,4.663958402130649,41.16936578949755,2.776404704111676
817.8547133885114,35.828784389850554,1.5940885972621741,59.43858551386979,3.914430859734985
616.1308008895946,43.78508355516642,4.139384805725314,76.26634233384326,2.6578715526468186
881.7452002548321,35.04029550365828,1.9989828891218335,29.60039417069202,4.046991325326777
641.5254710195884,40.47972148566976,8.274116890083,60.64893591879995,2.5598327014315987
648.7503772283089,42.1051615837102,9.529192233680236,55.38561322729048,2.6393497252379645
901.3228821266761,25.701994298723314,1.6508482773214475,30.08551502092397,4.27864225320709
522.7862929699177,25.301120997705667,9.596036865625313,63.67989398702877,1.9989620789800138
307.2121827605126,35.274524721274794,5.703189394030707,39.15482925025401,1.4215972778987354
223.02614105067119,30.27571174516762,3.696091101584865,54.148402298080875,0.7463678363627512
804.1098045388952,40.99653257166801,1.6917586774854716,25.75906269939433,4.241519339047664
696.2476410827717,42.50057808495028,5.50561841263376,52.170884004953614,3.523586274930346
763.2638144793789,28.83553448256795,8.150639900416738,41.45244276299742,3.571781826204051
370.3713292071286,25.92176397436205,7.363778295400284,77.5666847829748,1.5635138021278157
309.0971804694158,39.51313788109655,1.4520341031757638,23.988510889815778,1.3305344866204027
211.63573253430553,26.870150888703403,1.6561165183111317,49.3025092442831,1.0646289876457575
480.47004704527757,40.56535796284196,4.625859543693734,52.09019968920066,1.6574276356062385
671.9341494837065,30.59345634121907,3.6576144464314897,70.7504253409383,2.628112529182158
513.7952360797858,36.68874748228676,3.0914589075044305,60.20013025631477,2.0191106621026447
549.9799376189833,22.388382845866705,3.5290404901784225,66.70486360359267,2.579734458867405
923.3269555949987,35.59648311691433,8.23134468967196,74.39344999562293,4.375884658709563
478.6043736186403,31.294191968430727,9.363052482686685,80.35420815607321,2.3205868727472514
611.1915913278486,34.66521157938685,4.645924250748098,41.971284770572936,2.4783422506461292
826.9224101929144,24.200355193621586,9.154999019192473,57.661589375473206,3.4971565280674834
517.2342258570161,38.42184362360455,3.8934613112309377,78.807565490744,2.2938096273525947
697.6693601822988,41.569926938580714,5.287932877094125,89.26157916755395,2.834243776139415
889.8909669973962,25.418495002269392,3.0342609803439977,82.26635177306342,3.6877248281473127
959.6164989261136,22.392863888004044,6.7642843795825955,46.00270838370638,4.646446875766643
317.65878474323034,20.59096465115841,9.81083003657328,33.66165620530553,1.6699127031691576
941.2701001291955,36.04928751108165,6.431437864390408,54.25747761846121,4.341560001161792
593.6930344636305,35.177350902219516,4.22032675702194,71.91490162852295,2.4656987179428524
406.5955106391667,33.667435317851755,6.830357013914755,54.47983495273083,1.6920782239609686
567.3086049906091,25.798677402899386,2.106286106188488,53.82266043195679,2.438920099703751
984.0260602283817,29.77264989763787,8.997931722388588,78.67612947572604,4.375400755273816
594.0944751942957,34.861908379654324,5.527755557018527,45.298264534703044,2.498875738847813
463.0012882300066,32.41917147147923,5.0441476783567785,80.1856272368152,2.0355824065315087
706.7206834533806,44.694638005372184,6.272783096081673,48.47633606662065,3.1794957352768733
392.11649502255443,23.410993813918328,6.623054765104622,42.976317397483754,1.8065929586740779
260.69066248693116,37.37861385118984,1.6459822560386173,51.77929378397893,0.6599985351048961
303.10377752851934,30.107969202607304,7.143554991010622,73.37128710724079,1.1742670887951212
302.43667116621793,30.70499037314037,3.177385122839766,28.820141950479602,0.7756278613669515
321.52215480983546,37.939944141454404,7.4255736925593085,33.749345111041215,1.344919449040815
311.0617381195281,37.31090378310924,8.40281314945777,86.60113779641644,1.4628251817255842
712.6997958425717,44.781399842554706,8.235626567972684,32.284413916695016,2.9210022579049535
345.50406751931587,23.20985723635313,5.972508706671002,59.74091225517382,1.378204580192569
476.53382665909055,22.60274123460416,5.68152903079676,60.55201266633565,2.2149896319747007
917.4307279248095,38.108470428218524,2.2858836520547055,54.27371234351713,4.393807710581418
579.1693122102979,34.45967292516023,7.978115353628221,65.1321674003773,2.490902880811667
734.0461908168218,26.854016663995147,3.4426844240204293,36.08787080583329,3.2599186684597203
337.85589696130387,21.985484224724665,5.470258805361519,58.68635874437238,1.0676724726945417
353.8312150469366,22.141456239910763,3.5584668363476504,46.0521278672828,1.5474942196895842
232.6948930131831,42.35477186660296,2.2044552669972384,66.31670817404324,1.059797643420493
335.14805045773164,24.796683117968573,6.666019272025629,29.885648036120465,1.5567942028701793
422.8722712255669,28.084289052888018,1.4889883134061344,59.961419178763336,1.7389195976728078
341.6083874213974,25.6664100556747,7.7378071071358,32.96892487683266,1.604612591092688
270.9620270056445,28.87490764579843,3.85828115735005,39.505014418052546,1.0619982520914137
296.50869688048067,21.735596068652335,1.001212237040368,35.30968602265082,1.0519895219593598
568.6230144261806,32.97649477270676,5.6001622531350685,32.7986445908172,2.7244120634204436
365.066974724634,21.690314089805373,1.4216671767484281,77.79976660924669,1.5264178476639425
491.4158888384604,40.00891269555904,3.4855260203880953,39.999529736262325,2.05022442855868
602.7338166838855,25.842802047760827,7.362788387101445,84.89866473051146,2.537626295767175
752.3158629034922,33.50029786511276,1.5642065945967927,87.89485677416336,3.542772340596895
231.44971187287916,42.00197718903645,8.554046431204021,59.988232895596816,0.92127379937354
839.5283191272341,36.27193422617985,1.034379303927248,30.010078586600848,3.685005514806255
702.3203115927263,33.32394466378338,3.2214148228171204,46.218377036570686,3.350718624445386
265.4072255590975,28.10834382788439,7.668136505368643,75.84125843437498,0.9481187350782252
898.8628992854218,28.32504782645495,3.846431347563761,45.717351008794935,4.040157244594037
936.6979204254505,36.73717387995475,1.9170314925941216,26.09120528119521,4.15033545912114
248.862367883891,44.85348403052919,4.242105269203851,58.974943764973155,0.40845550635067557
421.502118517763,36.545979746234465,3.4335395774607296,79.15845960472242,1.7467131435498813
844.9610238344491,33.94458543425063,8.584407119444993,75.71484710004518,3.5393887373508783
798.6077523069267,38.26626275598115,3.8201312582662883,32.258619809124724,3.376572753268746
347.6168154851018,31.630140307092955,8.100392245984064,67.09352300887267,1.034485871440809
367.4794586693682,21.50355856501963,9.026849303296613,35.4352984404953,1.714814158323408
496.3776822331056,34.05742039694775,4.904356776188766,35.274527418652056,2.1387881958281474
587.618388152817,43.9406321126345,9.189488294689529,81.18502413136295,2.454766094631532
694.6038172242368,24.38257355894149,4.395862485668736,37.476826691816115,3.033641407927396
495.13091165581795,37.25012227051664,9.676705748410974,38.427314256260786,1.985386071342293
570.0277729065183,25.02334221647641,1.8036057207301563,20.045737353290967,2.6887600547851633
797.9767505070052,33.39569211182703,7.183173398529185,80.94683238878623,3.5275862482680695
229.3465623124783,22.41691124116799,5.444326364112358,75.48163692463943,0.9437586168909089
401.9495554752166,31.25927340645463,4.488839249100824,63.91302545634746,1.4820560401560139
770.6796687076419,38.90408322238115,6.694406908737408,72.51860347571895,3.489420991091925
916.1654701497595,28.68928810597455,7.334713824708981,30.643399719714424,4.6399975542070155
609.3419536925329,36.622793112180446,1.0392694268527818,52.08265162113028,2.7143350827142116
625.6907882122525,39.88624901974323,2.5025777987247886,44.58535711441466,2.607989528966201
285.7376090718208,43.17944548698632,7.417414455708868,26.564356837991156,1.1435529599986216
557.9298934587637,25.866052046386336,6.997468722203858,54.029133965044686,2.5147470184379004
626.0938131640185,29.982897895232703,9.694427546158096,84.45177552398448,2.857201123681904
393.9764029077837,23.810400333260436,7.849340112257047,22.804138333548615,1.7780343263546572
415.39458475950477,44.81208755395938,9.556954369582042,40.402263944565576,1.7063195665833615
501.8273304836981,43.17502419810738,7.322864513813263,34.52786553439924,2.197206640259718
216.0569582221811,33.498928257013986,3.6824698777549885,36.67026575659874,0.5469326346662777
457.6633324665426,41.050832359410535,1.9482843002577082,83.59041863155628,1.5464174220826536
369.15840559723574,33.02394943180106,8.03641477010442,52.76483379640031,1.2930426507112138
461.99788174233174,35.589642200068994,6.797342993283243,52.640958905787315,1.664703707864317
295.80970545540094,22.228110802900417,1.433674111539666,73.24029497186976,0.8955037730909583
912.421824591916,38.8817605124202,4.240454193108805,30.814454280344805,4.22836419449769
674.8739628432389,23.19283709088087,9.611198339358575,54.108574787003555,3.047890757422173
743.2818553155917,40.65169075631321,5.503610311391811,50.09896498847418,3.4224895381119333
831.3369908858706,39.55070219175965,4.894562224177342,61.78374833826593,3.7424444300692836
598.7537591432458,37.71861744357441,5.119296446433646,89.9690392275307,2.145329629066486
269.53623046993897,20.904009513119053,2.8799445160464736,73.8614225857433,1.1795122192122853
629.6852334548382,27.578208898633214,4.318364537783157,47.8505992112199,3.0254698997394245
669.4728944167033,26.577814247771073,4.328319303884589,77.92871365918329,2.8135227533981606
796.3515793474639,29.003410186787978,1.4711951816872517,31.949585431873615,3.7412868362184364
545.3276369837436,22.191068669095962,7.908108656661264,22.13245804162721,2.4473251077958897
302.06424223645104,43.42394557577657,4.7485398871349105,34.31138607249911,1.1219638563718566
427.0207246389796,33.845056017809405,8.39961898134781,43.828808927998175,1.6240881433967704
490.4658371189081,27.638107766450588,8.653132010079059,55.74065302216919,1.8789081515803625
716.733793065281,29.924537926857084,2.9079464922879223,63.05903983788399,3.139900998305231
656.6226437351295,31.18006351262089,6.916181339531157,83.74240020500952,2.9174056206750754
484.877380718277,35.01485833401543,5.250536237466836,55.68978066853204,1.9883335449405821
989.2121990343837,32.89198569241245,8.921410641293367,55.08929512380106,4.448584649181547
684.6198554855098,42.98479933036043,2.941666112588087,23.51701068760875,2.9250707725742613
389.78143338879556,32.424087072645754,7.100318802790398,22.443808685935668,1.7756440054176037
281.425978096323,44.80395037058282,6.469769100274503,58.58119733414605,0.9623447680884774
322.2873113474656,41.28562394362739,3.6577132981464953,50.672502927384116,1.2068897835290584
396.7661827076065,25.212762858933395,2.2294081328605535,78.7426276486209,1.4847831522178212
328.54509860764455,43.264880366097906,6.8647578442954895,31.247570929829163,1.5192202873467269
349.2536192410446,22.909159947136903,7.647377123190976,21.74801634819347,1.3913933391903306
428.0761349550777,40.43624271227979,3.84064609387015,51.43271375510881,1.8074778014371196
338.6988762358038,29.515582336914502,6.803493436200824,36.62349897265803,1.6975396471805668
917.4123397011401,41.94935801112673,4.556178168503529,23.47300613371862,4.307927288046845
264.1869965293138,41.701417252686255,7.41886194954356,70.72188007933403,0.8703494435389436
619.6091116562037,40.14813500294053,2.792937474046478,27.811509997007324,2.591140528405932
528.3174615917292,39.750760907676536,9.01193502372557,62.582365000544016,2.5063711995645552
985.9028935268851,27.61697847745102,3.5866863681902177,39.67348251168224,4.361136460148021
289.6311217344419,22.022982076281306,4.310073889805376,32.14472352485154,1.0558129665798721
518.2844792365934,30.07450446912904,1.522827568723148,46.58260660435222,2.148457136559091
975.5763466202951,24.338112874662716,2.0036099108914875,76.10120433560675,4.769901145403865
892.4057007151843,37.37377722256154,5.642757124410953,47.44655038332009,4.182206300280065
853.657656759424,28.65249316344464,3.4083340905517434,72.5538754447739,3.7112131313821113
406.32226163595186,44.39025502149787,8.51932203167975,28.784040775940547,1.6384655759695137
336.71006991205263,36.024301933633296,1.1322404978945846,74.09399937655553,1.0748995126094518
734.9145759395448,40.56201409085902,4.411846438047426,36.5853327434654,3.142061203616444
943.5007913020686,23.31311681854621,4.0361099209218345,67.4175190922211,4.626037860270231
645.4103144111439,41.550362056815565,1.1739486782584092,59.60470883886975,2.4414688815222916
657.2901515759199,43.068929762834856,2.119315591004592,85.04013020481811,3.0498236828085816
423.98327492822733,32.17654797047339,4.722784074267717,47.112576258271986,1.9640273619421376
815.5943465535495,35.15632344377444,5.43578126002702,24.631563218410832,4.004033331214462
349.6349988460187,39.120245022574885,4.638607725293822,21.340883988587702,1.314475028127994
458.9433891233949,24.370965681510313,5.778439105708845,77.88009926809272,1.9808277285640412
540.3491508931334,32.56415191158606,6.356185074151134,56.731494636300255,2.1031345846552862
606.088302947564,29.966575694307828,1.0893143901505207,74.26708362844644,2.499095396927499
393.9277859320642,23.659349804056227,5.176856435081535,36.40979200080603,1.8624939458484076
291.86945979136283,29.188360557288284,9.671493167988295,44.15586218592636,1.5317944447281238
688.4960339533061,21.70430773463734,5.671290521165939,22.107271054792324,3.073216997373401
430.90444259220465,20.645297673737176,7.097880407130579,87.30446272018786,1.8423167315288342
664.9905771380897,23.379157228870568,3.8067747212519487,66.75075346905695,3.0035354568421635
323.49017221936185,44.07787778972934,7.965922403374863,85.32435614315143,0.886183978542213
584.912081483854,33.738238397375426,7.956293336885036,38.58474852003506,2.7874042414948264
626.0715460412687,44.1455540288305,5.69166442888725,62.80245278579626,2.5323325065756688
241.45882945794153,30.8124469582533,9.784124409512922,67.49499778048465,0.920784100101059
469.28342255513644,27.79540332713149,2.1299519328638805,42.228479018031194,1.9362152857432071
307.5317415511794,32.6535465710061,1.152528984006229,79.3676464510941,0.9175708276798376
250.6999763782142,30.98779221582275,7.931423905813864,86.30130240301735,0.928238835946975
991.9681859119562,22.6416171065436,8.264399836283943,81.9398582387203,4.691711123028979
457.88307597977837,36.02065786725515,2.0818650620851864,71.73468831575607,1.7530051493807988
847.8995566837079,25.40095456273999,3.390245496627455,39.42252758074678,3.8287557682261273
403.71252381101107,35.48969887244574,1.1579712702996603,39.713122947394226,1.6713037439983938
745.2021777791434,36.25502730995383,3.639777497025082,87.43522243122266,3.592109174572692
808.1822879117492,23.800621328216202,7.958276865268044,20.71991471549844,3.9486083807187735
676.5109924862754,21.533740677766705,5.6616447494132105,70.12349812695011,3.3394270973703
577.2609508401267,39.519039651711,4.132860338514593,69.43723137886835,2.156852716665386
529.4727313178148,31.495010594233005,4.345653654156973,63.58826786648582,2.3237023758556656
479.09461323439626,21.454094887636895,1.0121826314392135,89.3076192260806,1.8030868676780216
943.6233153982607,44.87165792924418,3.698204748087123,41.831560503460764,3.964315986147303
864.4955262301833,21.444514024909164,6.8181286747413745,43.798030465527376,4.0089247219737905
972.02152853321,37.37588072146383,9.767749994347215,25.52575820625889,4.869032185808553
299.43777878843576,44.59197313158534,8.623547442855095,50.99586955806162,1.3117515381012335
784.6939801629154,25.97950260539814,1.2123546818097621,38.27339683643937,3.6599761191347926
950.6723654568302,23.556234217179906,9.087045442073554,44.037069152435095,4.304926143670967
344.9864529325281,23.034623485560722,8.048785719687633,78.42002531789393,1.4594655632874107
253.197013893422,27.58187868918989,8.023385112138824,85.4839159469247,1.0400061547044852
792.8965194320473,22.526145275266167,5.121961831032143,33.001315040363,3.810764996863212
659.5784905439295,37.304033542353295,4.582047636590525,46.07562520874261,2.555583102914291
873.4630214066176,21.557294953251567,3.7262415594987335,85.00413934807759,3.8781951403904174
311.8179013010316,32.73555320374474,1.591253730589292,24.326592248245582,1.2020903117532618
836.2138494879122,44.91742134632442,3.0541182714432917,26.465236967796496,3.8473051073730278
361.30185603819564,40.34925673765047,3.2194327148022217,31.395369244436054,0.9653890644016561
330.9247542925636,35.38048595577527,5.356693627391814,61.664898388881234,1.2521981925791674
331.41263834479435,27.656340519665292,7.726999659370246,30.533058970419823,1.5025834157496747
851.6597761851057,35.59739590729096,5.26428845558152,87.76534670155135,4.002002395264389
732.1577765569601,33.17603659779129,1.5206000450244455,51.27001690809642,3.395472000738671
618.4523398152954,30.65208459725929,9.620108208893836,55.106257224511644,2.984444766594499
487.064387298802,23.267759418504987,9.48451887184701,37.26610310637845,2.1578144121927565
901.7604326504866,42.16510538101167,8.066705888335676,52.967217670431346,3.760950364443506
513.9560859381083,31.24461622053306,9.921951114077984,66.33395428459082,2.2444948297853093
853.2795515772617,24.865562795519125,5.900340995202367,72.582399586783,4.190910515703311
551.3079268561747,29.19398377193224,9.664915152278855,72.77076578969391,2.7910474735326267
501.5555435399261,30.353243813223173,1.680445365550757,60.452377888586184,2.259059251560799
570.1438285356851,40.688447389171856,4.291126734352342,83.30518424957,2.4489149995349604
441.1022993313137,38.34035951403505,3.0284314120608924,77.21854931142767,1.8041673608117739
798.0875041410009,39.23262234103349,2.7624977572084304,72.99336802890377,3.3961507670288746
602.1763120739834,20.27578161071618,2.267226540034085,23.892386517632243,2.7796714433174485
385.77015611745384,30.40384995449404,6.60172277409397,20.48145735537545,2.0496977269787235
919.6596586196548,32.03360379088309,8.031896701725746,34.87130940368311,4.180345969258217
507.1129770985691,20.47980692057642,6.204685594783246,66.44665157394166,2.6449229831768335
634.842288891191,26.495330218625856,2.322664386293887,48.783824221778204,2.7937381506536063
925.1776887716376,39.00724557805337,8.300113929401238,48.16843815095182,4.57056781218279
699.3903967311937,23.427742643224978,6.723592364473556,81.92108217607296,2.951941238261537
293.5184325666913,33.382753286314795,4.493491355142959,82.68939936922871,1.1754364985676402
951.8656988907801,25.38004680043094,7.067172659824567,83.642268483751,4.332232915489056
702.1664424571343,20.30301936609733,3.3391448131854955,41.97146535605191,3.0075885457914664
467.9244917256689,26.030036439988535,4.106729876447894,68.37390689174832,2.068415686456109
311.4176581307098,44.39684387275135,9.257372588187913,39.014322689205876,1.422133016030576
835.2201514162368,40.03842779707474,3.6145405510427837,33.34268831521148,3.61233362578217
696.0582047428109,43.989416108025836,5.229894413421429,32.92427201431585,2.779343014781913
626.7688735810573,32.19635109815906,9.011270236564132,43.94753346045158,2.885842241867085
915.1140664407661,22.74340496693759,7.369492152407747,50.09703338458752,4.377844993057999
830.8777689796246,33.698987224342325,1.5598290354823248,78.16644197385479,3.8019265949275365
321.3399037862009,31.359433363999024,2.325727398510733,28.392376543089846,1.472753894447947
449.3776542364386,41.1089270684904,1.0705743169472512,71.4448093176426,1.7024378319464497
398.7913118515726,22.452064519606115,6.678296112062471,57.20184399325137,2.159698811275401
795.1570340581416,32.20602842554445,5.029060828693765,40.15617398731948,3.718840703541558
226.8259477886235,23.751216617349606,2.2084736581204796,54.49737091729772,0.7625070028960558
655.9117478970531,28.1168981722515,9.621407089510933,40.995944884391584,2.786512537963621
809.9669485925524,38.433926934694995,5.766937515510579,61.725736866681416,3.6048508461294273
901.4125094093996,31.900453234219164,3.1770396470160027,50.36907459986709,4.0835832693631655
473.665398972726,29.397207128644233,5.505432140392368,31.508387035521512,2.313507751570286
857.0058437376102,29.861906964250885,7.11658299461597,28.16081521889877,4.164916903313435
288.5053895641658,31.486169210149665,1.6861529617620803,58.26869774504911,0.808977095137952
877.1618333876146,39.62541359592642,3.472334335431028,83.16891233002724,3.927114770309583
301.99092986558594,42.30211722350586,8.262689417955944,44.07703805903799,1.298339423679725
517.8298324482938,43.883367162598205,5.136983833623951,71.31000750558363,2.4160414241543653
837.8362926236429,39.67258465638238,5.919194278290654,66.10629484578368,3.956127705911449
319.933941879019,27.88517239370032,4.895344019885224,85.20884400166366,1.4004765087147648
383.4011161861132,37.20336765216355,1.395099483787046,77.46867121093986,1.4299537505858242
777.802054714453,30.9400781013848,2.4917480183814034,59.66236812338241,3.587782117763971
776.0292292368595,26.36676555115128,5.009874748677018,65.99213487638751,3.8345926960347816
712.9181063082378,41.021789485648064,2.8826691886713505,82.88705266088243,2.7796964356404406
755.15875557368,20.960658724058124,1.4498112579371085,47.966314921085434,3.429362920500999
634.179554678077,42.54404980338559,8.592846976466413,42.87562941004441,2.6770492063145204
401.4392471255622,31.53693661561835,9.830732762477043,20.756775854463744,1.9227585967574656
476.5567948031356,35.93003692020701,8.138285865970655,77.85857519340249,2.2765766068763735
345.27817344114055,36.48384805514456,8.684064295342004,76.06864902823554,1.2637015171604116
926.7604490669027,42.37794351766341,3.1777941728534085,27.3118162670106,3.7408941875870396
666.7134358128964,35.91674205418018,9.645642779618798,60.380016679289014,2.9641084317515842
520.6811334109119,35.34833961900154,2.7723313400808554,52.47871887168212,2.383106206326278
569.6046429153062,21.66630101401725,9.562868293256491,28.309636685637802,2.8735242775201884
957.8266716894523,32.9602005486301,9.95337364569356,88.63977589425065,4.566956523648446
322.6811224928642,23.75422502042604,7.405505251714438,35.02871212243488,1.3979173826745839
668.9838656134377,38.43584421803714,9.830293586126396,24.70639260633928,2.8519478251527093
604.7109431075728,32.80554802031686,6.125858016103933,61.63931656513367,2.7977966268513996
689.1633883477182,37.00569448020883,3.335876048584813,71.72066739931228,2.832179821102649
214.4881470566724,21.041822515059607,4.932962970990587,22.271041223303087,1.3529590337820627
897.6991271553212,22.11980040114508,6.342048418409074,66.11023471089155,4.376019572382456
945.69462598689,37.908084701567056,1.6577340582431348,57.26043131660181,4.151896440939649
652.1065468713671,21.802108399966833,6.601089381555215,27.22855062125339,2.9977992872680392
757.3206591015138,21.781418194131465,9.83060053086065,32.076671386245344,3.6826589400882592
937.9995049418366,20.302711880872188,2.7109688480535485,59.75820081212564,4.3737729968329315
765.7909074507189,43.912534957487004,8.13335604659545,40.74503294593019,3.6943729978247637
322.0312343314091,38.43770898647517,9.171089144016575,85.68210100559213,1.2751198966102504
661.0306881334506,28.831285212551606,9.493314335381987,77.31181606388355,2.905756895339904
685.3720371062848,27.41338953219138,9.641220439649025,88.84970445595641,3.5459394271217346
539.3045370419088,28.742580743646236,5.693136748493248,38.17695872652898,2.4564673615939334
789.1553884997783,39.36633827952954,9.795771171923533,87.88065429585839,3.7260356097441294
947.4936118152119,36.53426527676036,7.81579186420995,50.18637088540905,4.306423200332884
940.454810325421,24.629889196686698,2.455042926132657,44.326315671962824,4.489046512387871
560.6714971233057,24.35273338335211,5.29210095821173,23.52446688785473,2.6808452354001715
290.5904366726042,22.45989124283493,7.464980578348036,23.693568050172182,0.9523358879820574
987.8729591698676,36.50756799253345,3.22606284237175,68.44078791626583,4.904983819031035
871.1184691567473,39.1093165555434,6.765536651939986,52.05502961038195,4.253828746230848
299.7301449626135,26.6261607081251,6.999404311419573,35.8565138225274,1.221225113085956
936.6735060938979,20.523624025772822,2.464297694277093,62.97792144276629,4.181007453120599
895.9170896497026,22.054291686910684,6.085767812074806,37.70006827750778,4.374870073826597
615.0704457008577,44.196500871125764,7.944642198807469,60.43422280410958,2.6887511580438406
673.0203485959435,27.386119436935505,5.490060980823477,45.14461228878832,3.181886333361901
519.2021630961042,39.23057869595334,1.1089280509849668,77.64865586282733,2.10890175705385
243.80931105762505,35.61658922135659,1.0813462217136296,77.44873125367455,0.830858322862668
468.15779331672076,29.548490991322396,4.21326409573011,53.41452786856809,2.312201422726207
842.2827588784091,25.14218155488888,9.335746615886038,44.55733765345109,4.1712128768797045
203.70561840368228,23.03466045398516,3.058091016432479,45.37918575913662,0.5486538365069479
466.79933735291536,35.37532420097166,6.709273199845184,76.40001679677525,2.2341414457007036
518.5349548727547,39.3658445159447,2.998682836239885,42.97256379583284,2.501167771035116
629.9164823503384,36.097606338528266,3.8950299069359375,34.63415615947922,3.4276499810885865
935.8844931302084,33.25755333122896,8.632378806413357,25.928183931271477,4.242939333956557
477.076795492769,21.048780585790908,7.559752980429522,52.66851846190859,2.269330596920764
477.56256151698216,44.212219439859595,1.8585934958188957,53.749246924388935,1.4589442486161173
790.0009984877987,39.96785479136436,4.858318188877902,78.8636097282035,3.6003954201223425
561.7743527118457,27.32055091752412,1.26252787280738,35.48670875122448,2.380303334704332
379.6838583519856,44.49925823397126,5.328011319427081,46.66938915678799,1.8513373164601719
561.9516129061547,35.047039740908055,6.9619061053096125,76.58840172255836,2.290425991779052
312.6856163038399,34.56056645518116,2.066523612383364,77.65365275242814,0.7660089761167462
341.10958920497865,38.7018294857383,3.5999644501824912,46.92277531851377,1.2024306413936285
598.6942181915838,40.29424470225344,4.580529629519413,52.138681630067666,2.1827643190222097
535.1403596036383,36.41196518328756,9.275779221904447,41.2300123594498,2.5648575968059673
931.87672085448,23.202393659155,9.939295138806676,85.27884148935185,4.042571278227016
489.9151192933065,28.45668764986246,1.4042016909605426,28.30506360191062,2.142174142819929
664.4706802224348,43.20209100815124,7.849071311458529,85.3624596101029,2.4610266340683875
705.8114303356243,25.615390296096297,4.3455165976210886,67.87065162847404,3.1600127165053036
210.47556527066692,29.304175595937835,4.5321236760653205,57.210050688071185,1.064234073700027
730.8298976133685,30.8019220736049,7.788384760123204,22.28613425491471,3.5294552723105874
342.4287734958011,30.985124742361304,9.265837889308678,53.29173342754058,1.3083271899934983
968.8562539755641,35.323489562363136,9.558357350522936,48.542367350191256,4.578888088776448
318.93018220249036,43.576895943617686,6.194103274344887,31.28531683825858,1.2237967577955446
531.699298981619,26.017317795812623,4.214090433704525,65.94867224504598,2.4452338503026487
268.2797344629151,23.03753440752295,8.087941772729014,87.98056351578,0.8234493640062008
997.4994014767578,24.936762246498432,3.2590124493607022,59.35321677451676,4.803116655126451
601.7560082649941,42.17312250523174,6.07666625950166,70.0327293510762,2.027638356439978
676.308013856035,36.14527031638015,4.227206153723858,24.791531679621173,2.9290715153588462
253.661181910742,27.147669730979004,6.909679663370885,49.23668970718963,0.9388946576066494
799.9683763193423,40.39867347421543,3.163590216041562,28.14509396151471,3.729502128466607
367.9244744764686,41.5342499090859,2.7243365116134317,62.89570848755573,1.357501357084015
918.443431552571,41.16285846725695,9.264151780078933,85.69375107499083,3.9133714957706256
364.11171238560576,42.97316334098886,1.916233146545832,66.3244412730147,1.0995040837396244
352.55017653093324,26.306025504334038,5.5536211696143845,25.376213382009507,1.599746626149076
229.2397342784759,38.87604821865696,2.9876750466670803,44.8266343489558,0.7117249530683287
577.6535560879994,31.5134874318535,1.350369669931007,58.546436560859604,2.3672226044712135
651.8729066100932,41.04996382225154,1.3241693646228376,48.224542929327654,2.682732438359356
252.5669115426819,38.212266929040325,2.576995948952446,78.35508073326207,0.9147752453673887
820.4220933560084,39.41118616249312,8.800933190554002,77.02697032969925,3.626424813732949
562.631067798422,36.404045942026784,3.54230869579324,62.8281714072255,2.3766864618674415
619.512215462064,24.43571923674267,9.554132535177661,46.14205615928937,3.3859897409439768
552.6101975505826,33.62567297242346,6.234600636902742,37.87354616342709,2.191002651063094
520.6104487002608,44.616743488112704,4.929527707918895,27.411202274919052,1.8302844119137849
647.7122650465743,43.43470166242797,6.220799512025091,44.84283784405878,2.9956625561206978
324.19219674456997,21.079343394925292,5.65028546703641,48.92207620454037,1.2896004944464237
345.5425043962169,24.12037039323593,7.828986283815927,67.30760475728516,1.4448258286619495
889.4284968108138,23.293219336364047,3.5424645937556702,66.07118770083014,3.9966859315376593
956.8923697069062,38.14949774963239,4.177453524402722,24.907569774887985,4.384740773822982
498.64745302380237,40.44463324642363,9.046848722799256,47.668152080181045,2.494099225369667
416.595738514843,25.337784157766798,9.518108618353649,32.72452070521533,2.114939673676813
715.1996345912127,32.64631732379573,9.033024047378271,30.976889372176398,3.540686404298714
526.9873368784771,41.01757570028,4.775031945615822,77.91115048160722,1.881193854180158
220.3090845282759,38.320038619156264,8.023289527061936,22.934065170138027,0.6027119493402056
324.9220778929523,33.55593013729621,5.287021599709889,49.34280131314849,0.7282901855626146
772.777783077918,34.75869226146932,5.477858669314919,31.774255903656275,3.400434490137332
727.1391535281211,32.709013672907,2.8421209815155555,81.55311509749319,3.393682457623992
221.67679400278678,27.438711282970516,6.320172729326648,58.99283592925246,0.945803943061931
377.5777295463596,34.1255498214754,2.6752230797801313,36.19664454637936,1.483441669429463
384.8598372704571,37.222132551252265,3.984082291604744,55.16991010164635,1.5169596297249544
737.5141948789827,41.83307289652019,8.695271814579417,71.2040451792181,3.162960482847782
215.76843020349133,35.9072838494812,2.863682282897697,87.06826062436036,0.6438582134122346
283.28686558765907,39.02803842607895,1.6404245665608954,35.43122029717932,1.141275650310488
839.9328682985515,24.001790873864323,1.6210683335153466,82.03272404905417,3.5048249938442186
342.8357296434669,31.538936860494747,9.46706068452797,85.40128799172432,1.4772574548869672
722.1968862814998,20.233290495677334,5.562283941656512,84.14943811724464,3.5380853032403006
390.5462248373812,26.166971613040577,4.684708646353165,64.47900498033368,1.5727775132302224
279.55311420747614,38.16154287782512,8.297907229071265,64.08744581042953,1.1940735176438124
394.53775279956324,44.79524878373408,8.522433351194644,48.22474432286759,2.1616663434331436
777.8135454845274,22.479452489680398,3.9897192980404412,72.66785176126515,3.5778633263667334
884.5571744850286,30.037357896532207,7.242562517264157,57.19058128456523,4.231543791237038
864.1758916535932,40.00177421747899,7.940105342666979,67.42066498598061,3.797211076242276
517.7468236947639,25.10089086572247,6.891856181793591,49.99205326941568,2.4118284594340453
734.468109256517,33.87712373255715,2.3643556732008943,71.20475248301973,3.330501242451453
363.9874363326568,38.32678240074187,8.882947751653514,77.71300623231843,1.497870768278326
434.5181842088106,35.39963625650448,5.851850974624078,30.25053796219713,1.6711914381053241
917.0686548168958,24.700618365385402,3.542251837330033,78.30508009019596,4.293844321261924
210.40153880858884,28.884614217143486,4.827053668939245,57.82075722532151,1.0365002985431784
268.4068246835744,39.59479461213493,1.3381398135901663,79.12661363631571,0.9043228991986002
366.3090041168218,33.855662853300416,2.150801211001758,50.191119443871024,1.6280196151977664
221.22576309905577,20.130740338572817,7.8899207546427474,46.532833976812455,0.9221517652462552
345.14834807183786,39.02476900070235,1.0001047127982954,84.05425127620558,1.3373676899404627
666.4332487757538,20.88278387350598,4.749092456340629,37.581848728388096,3.199010124457051
537.1396404739984,38.6433445682808,5.702591629770296,79.09486277003002,2.0649447178050835
914.1373688615798,25.062014004130937,1.4917097800087507,53.88144007565829,4.305842220675223
853.9548493907528,43.951837002984504,9.757703466750996,55.98668097858818,3.7150972516136997
473.4538813583008,29.198518782552114,3.0351279812470473,41.59277970426388,1.9262251642054375
407.538746745034,28.173290408451976,3.7377884767265277,60.1129540433311,1.7483563525469936
503.7539265338135,23.722201258311117,3.735482610295246,42.76478373933479,2.3301765594892165
672.2359540118462,27.64010538725537,3.073749959056149,22.74885899691566,2.8629095043585435
414.45091265830104,41.916269045705015,1.0132643987768026,39.039902374104926,1.8060745102983562
699.3191262793073,44.908358440681184,7.564103146791967,20.446533038461347,3.272302299508736
527.5293217529924,29.207738262671207,9.701609498193568,88.48483509397997,2.221686058791984
641.6377446815842,31.215265773863564,3.0186413495654056,87.60230468738233,2.473687323995993
548.9012233082533,38.05177345506843,6.967424726230802,47.66087082306135,2.3790342190527896
435.5726076335342,42.154894511626864,7.677066942628436,70.98595980377522,1.6786947695241887
958.7626455697254,34.8261083546696,8.635828411814723,44.20642688872975,4.552483950171371
810.8846353278086,29.788142454445733,4.803662773122483,66.97652099601832,3.6460386333338852
312.09054061316203,30.315546021215596,3.726378150763863,76.38010301321853,0.7775732276934925
894.7743807183302,37.39045366242017,3.92765620620728,86.27293712845685,3.9283052291744505
589.9449585996109,20.080456590106966,7.413591997886615,48.01485930947704,2.7400385262221
915.6417815152731,35.48973343649602,8.351015198550725,74.83085880692335,4.367402364523386
839.8842047578522,28.887325261033936,2.6345257098094237,38.61499154424831,3.7463683673644033
540.1708035753868,39.8549332819271,4.338469073419887,89.32326126555539,2.5461624786694634
217.9754466560939,22.324765995578304,9.11746177074235,21.80387191350458,0.623042954782173
414.94188750795684,34.70505667370976,8.260241677252653,62.247016455078466,2.030603170998108
633.3073717286935,32.024322247153094,9.863725624862283,66.16541871559289,2.8663735170623754
706.7825758609179,36.058138147630686,7.788234337138727,68.16318899518902,3.3646867810493903
406.31014834656185,21.62133986207421,4.5387568092513,28.42713051523623,1.8652185150783671
311.4848592582593,34.499594685703286,6.31574050595174,85.69708484311913,1.395260097072154
867.9441894394392,34.03711469898809,6.949128288225882,32.682829533505796,3.995494313994259
987.5217445628417,34.016502360404274,1.7061023468541157,63.592738226788875,4.2846561846581075
620.5521458421487,35.08719166491137,5.900472631934786,35.58732553861594,3.082824471577306
337.3434286786428,36.91169843065906,7.383887456253486,41.50514919148896,1.3595714806522872
417.8458612154952,40.12472499201924,2.505891736009543,58.25209792096871,1.6659073897603789
214.7125412379734,26.74551800320536,8.025685456830015,49.20353929952036,1.115164539504332
931.4390452483992,40.62623525450155,6.253955024627005,31.21579206835544,4.107189341633924
294.2008663121129,32.45639205658634,9.569996071278352,31.96554816945938,1.3930074156092007
661.2131804114028,21.926456978358278,1.3818006838620254,49.27013517139598,2.897918124315302
419.2441765497648,21.46377323109948,3.3879352379992027,73.00980847928506,1.776888367110369
643.3424020126347,28.355957967401523,6.413984913698417,82.8575252793452,2.910172871181294
721.1363106814914,39.62242442778669,3.669039209853376,25.888936358156798,2.9310158483209574
863.7934429657613,37.6920233685229,7.42981747664118,47.517273529158075,3.839841375053999
365.13701740848256,39.71537411681016,7.831047542697379,27.017189460601365,1.801332496289684
208.7966629267844,32.93172641104023,1.9226436765982702,21.161473644281852,0.8880342144838804
309.5085040550458,31.004974948887266,5.624690177860909,66.32030778507696,1.204818043307974
920.0149134784841,23.686313167657097,5.580015000319503,62.171460937661145,4.399093505549496
899.1120620500122,28.20481884023279,4.3235269319398695,31.411337967042034,4.178311483425155
677.9304817362466,30.85048415434688,9.396323763127048,36.36689831651449,3.467656922932873
680.4134883469227,22.21501074199043,8.44755687885899,21.659542755116288,3.265478870822824
732.0293396370043,25.51529881778028,7.274884437186731,78.44630439860826,3.4399672083807067
340.2970228987597,34.95563235159347,7.428939721614978,88.2283417233986,1.553256930791779
931.5295567399678,38.39157785597975,5.1554452943180715,29.482167575628356,4.162402278905965
535.0164199136584,44.95868778482374,9.288950689869182,36.20326496357087,2.6506255424896756
506.510822599598,43.327833283588944,7.251358845279569,80.78866667628537,1.7766333417664455
615.1341642262701,36.06412998837979,7.560829554902348,84.85246585693294,3.0224696068542927
237.57277342004403,30.5312013323518,8.755218134086107,49.37391679647672,0.8843732660750758
333.02669500486354,35.90443411770582,3.4666443040797192,23.54357305883519,1.2797951242461274
790.4268931410963,39.6412904520058,8.263638134800328,22.757428358497357,3.297477432927847
266.2389343401012,22.958404773084684,2.7571654266084282,60.176490624830734,0.9454420077766278
682.5216875731105,30.247622242407207,4.1080775702039904,47.502657622522534,2.889327145395139
396.27928774505676,40.99505714089043,4.020494088428585,22.005669930435815,1.4863151401493848
511.43649123358125,29.5958237983261,9.806729215502266,60.827667461878974,2.3082412744131564
430.9549894165599,34.29680678067966,8.708835013731342,20.791177561231574,2.1359595473227477
484.53817317195933,34.694234021554955,7.310528754312338,75.11603707044911,2.1132476968697205
775.2367241473964,24.611906328340986,7.5435108545385114,41.450297589236015,3.7595695100460933
437.69737249854,29.05588604130721,6.05865514962314,22.818060210646248,1.7543611068816856
653.1237122375178,28.362782218548304,9.523816003976671,61.18465546882073,2.873946930223452
580.8403217592797,20.65491771330162,5.466328775941254,47.83790901031383,3.0710481928318427
730.9369322901185,20.604794097283882,4.424659388829051,88.16602893500047,3.213757643431685
949.4637914598064,40.79242609189434,2.467318032384319,58.09390637525915,4.603794894688716
786.0576777682003,26.82677024932031,8.075850870349523,39.26674267259058,3.6963919786334345
371.9523028726054,32.95196915597039,7.609995388680323,69.66072052437823,1.543577876756874
224.94650804902773,27.468139339719325,4.459195346717214,39.00444017798979,1.0752992054722963
409.81123543986007,43.51698112788351,1.2267407256330642,83.29703039852956,1.7262056040237987
676.0623445602039,26.482418971644343,8.550975949462096,46.23053793551635,3.1718834641469678
241.14065078740026,30.741420318473377,1.1027618510866626,58.49079939433437,0.7257140782810243
597.0929977609891,41.81825626211504,7.333298016661459,23.54011726769602,2.655684062277189
677.4742791335113,41.04833916979521,9.732313987534514,49.82848665665615,3.1394688160534066
467.3951126535687,24.652535446156932,4.938951953333831,78.26544777626964,2.210959089694362
816.7297629966575,40.06608274489276,3.114760644963575,76.39541637543394,3.5933383394815945
285.27860250701747,31.454672168447317,7.343839090390436,35.70229911974684,1.3110957340235598
260.110225388647,32.07422180213388,8.354153278140267,35.82553497073938,1.402912850997411
782.5510049628826,23.336999310398596,5.917872844700626,77.21137185492657,3.7195816673475437
596.3930529649588,22.015037843928116,9.703317477305315,85.12788941185279,2.847956028308869
750.7219171421889,38.198482674344135,1.46501849492165,26.675264489110248,3.0437924348697023
547.861870882997,32.411528808882494,5.543160384740753,51.50410475983577,1.8969030371354914
397.12162659128546,30.921267565379488,7.466085525902951,43.62179952749602,1.8161487146117332
855.2818541393598,38.23770571630992,8.76376424034261,80.94819188202075,3.8884462683203362
839.5327031751834,39.13782247477774,2.6133005071701105,25.846744027601314,3.703901278233391
755.7571766835414,23.97270419173384,8.200031335873133,34.778815979062614,3.682207877096975
417.7161097839702,35.255628736941034,5.974363681466907,72.67278363105461,1.6980852220782878
672.1845334952696,23.38385205694214,4.568983137909669,23.59056942868509,3.39683872093453
488.77911755202143,38.784377150726144,2.185435257211842,54.47747665000025,2.0080277417488777
273.2656586613073,36.42387890667849,8.787661830180213,50.9474924275804,0.9265630989741618
933.8508603697942,43.91536552708645,2.415458873617438,43.40808252921241,4.389626906783889
309.4549047351691,21.72395040891053,3.7880907328818934,47.620062072324664,1.2671304951104883
960.189883056642,21.426368028781358,3.610409787661932,57.095841085116305,4.650009585312864
556.8046183663646,27.054676867330002,8.842726307717689,31.29571508718682,2.532257277899943
