AvgConsumption,PeakOffPeakRatio,MonthlyVariance,Theft
249.81604753894499,0.7776993932579295,33.55351153623154,0
480.2857225639665,1.3128514210675373,32.22809191647998,0
392.797576724562,1.8094187538146125,91.5629122468933,1
339.46339367881467,1.5983373296143417,32.45915798645555,0
162.40745617697462,1.7098417217921746,34.47547535157679,1
162.39780813448107,1.488175050066076,78.34584361761674,0
123.23344486727979,1.5384148467767786,50.4765858205486,0
446.47045830997405,1.7737934773479789,79.9039501259663,1
340.4460046972835,0.8745020132887789,15.882954180794671,1
383.2290311184182,1.2341374454647107,53.88140743060459,0
108.23379771832097,0.8318141627294033,13.025224016495436,1
487.96394086479773,1.9815020119949704,15.638788310981907,1
432.9770563201687,1.91608900952992,91.57937080099698,1
184.93564427131048,0.5591402170527588,22.532083400583566,0
172.72998688284025,1.5583627587735327,57.91786140476954,0
173.36180394137352,1.8878724761234986,46.99860423406359,1
221.69689718381508,0.7708630176910003,41.26089936329584,0
309.9025726528952,1.3519178458289443,90.98500111185452,0
272.7780074568463,1.8732324463820627,11.964105709794055,1
216.49165607921677,0.5509189678786983,69.74107175580302,0
344.74115788895176,1.5461304008702599,96.70549907921954,0
155.79754426081672,0.9460235110588262,60.41513651156578,0
216.85785941408727,1.8865942930647956,94.31402158297827,1
246.5447373174767,1.9565873677480516,14.703209135742139,1
282.4279936868144,1.9163997336701508,47.69139871667453,1
414.07038455720544,1.2113213249861956,33.414201186584606,0
179.8695128633439,1.7930639764839702,75.77388684826568,1
305.69377536544465,1.7668240978026055,98.31673814475221,1
336.965827544817,0.9786507098648835,33.0877056199823,0
118.58016508799909,1.743373211226016,68.8757141326667,1
343.01794076057536,0.5555114520732389,27.82878694837661,0
168.2096494749166,1.3944048177230797,60.879722911444894,0
126.0206371941118,0.8450132559315546,51.75392380195026,0
479.5542149013333,0.6808503286659182,97.48047966683833,0
486.25281322982374,0.6154298024438137,64.76745454268199,0
423.35893924658444,1.5444331638172097,41.455573487813695,0
221.84550766934828,1.0098124456520992,20.268620639914005,0
139.06884560255355,1.5871501572931421,23.612214586144113,0
373.69321060486277,0.5980345111984136,30.27852369561116,0
276.0609974958405,0.9729355067459156,32.58699952062682,0
148.81529393791152,1.3092369385630058,86.5554452057024,0
298.0707640445081,1.6860847472584453,60.510050945427245,0
113.75540844608736,0.9781287543981049,57.10518202369298,0
463.7281608315128,1.4388370646555138,20.32919846822957,0
203.51199264000678,1.8289666223542806,87.41257240144915,1
365.0089137415928,1.423794782273457,75.05328728876353,0
224.6844304357644,0.8494392121304506,16.090152571000143,1
308.0272084711243,0.536601172334807,73.70515875067917,0
318.68411173731187,1.8051483108513948,58.918439560838145,1
173.94178221021082,0.5319041162755807,17.355281117210044,1
487.83385110582344,1.812052509026299,51.247057737579084,1
410.05312934444584,1.293405701040818,53.622665841704226,0
475.7995766256756,1.9086015477693443,24.91970861469482,1
457.93094017105955,1.6981748536604981,95.11283323002542,0
339.1599915244341,1.9969011658000062,86.49778343325957,1
468.74969400924675,1.0260677231775652,70.21201035961974,0
135.3970008207678,1.6507824333966903,51.606600490054646,0
178.3931449676581,1.1028963704138632,47.05889874260576,0
118.09091556421522,1.2198134304558632,68.58761204358588,0
230.13213230530573,1.4412581948275551,59.088868246621495,0
255.4709158757928,1.810515671279508,15.604579529369705,1
208.53961270955836,1.9761252037989427,56.12523838932985,1
431.4950036607717,1.6524101207967772,82.57632555095556,0
242.70133067743572,1.1266501732510006,51.33158898372623,0
212.3738038749523,1.1320355034156053,14.676091979884157,1
317.0784332632994,1.6063734523833373,80.76503794456298,0
156.36968998990505,0.8581657186524535,28.122740392237695,0
420.8787923016159,0.665711169697092,33.275875139923485,0
129.82025747190832,1.0319332364611649,24.823571808906628,0
494.7547746402069,0.9308584874811225,39.71935583843478,0
408.89790771866296,0.9444621806839851,78.10763551197715,0
179.48627261366897,0.8504116265748649,56.744727355354364,0
102.20884684944096,0.5631397844545428,28.43931467356413,0
426.18457138193367,0.5268109021001207,89.00470703368367,0
382.74293753904686,1.9815835846040473,89.16236694563763,1
391.60286721639494,1.1416597006037934,88.35205825414062,0
408.5081386743783,1.0764899707395226,31.491659024338535,0
129.61786069363615,1.5194709240396047,50.61154097628893,0
243.38629141770903,0.8273808317975963,98.64906905267875,0
146.34762381005189,1.924941775925338,79.48112286789913,1
445.2413703502374,1.679517521623328,12.445067910300384,1
349.3192507310232,0.6341165034683893,15.868413213444285,1
232.35920994105967,1.1263711636773925,51.75382391310995,0
125.42334011440946,1.818677461343247,91.82981852754041,1
224.3929286862649,1.9170980334371155,58.48316181574428,1
230.07332881069883,1.2011022668748046,54.80312572308612,0
391.84247133522564,1.4201170838160615,19.492632996096752,1
355.0229885420853,0.7505509191381128,69.11020942518647,0
454.88509703053063,1.9867529392054648,83.9892844540203,1
288.8859700647797,0.8475075520751651,44.23780067568061,0
147.83769837532068,1.9140976612026885,79.80506658327947,1
385.297914889198,1.4744699734885527,96.80289885107304,0
404.31401944675895,1.4116051923182886,28.338981321492017,0
324.5108790277985,1.269032766524763,57.09966680752672,0
408.3868719818244,0.8460047175766381,35.8424162276118,0
297.5182385457563,0.7647920480082624,81.35689771304554,0
309.0931317527976,0.830729313605263,61.98340292930418,0
271.0164073434198,0.7796573932163817,67.11241757952735,0
110.16765069763808,1.66937671035013,81.81227436543047,0
143.15657079732176,1.0251878887500951,45.63734253962094,0
112.5716742746937,0.5867640148450946,92.3581061566339,0
354.56416450551217,1.953653945211217,57.9725980521526,1
225.74239243053069,1.8256788274451385,24.21593405518132,1
303.42827646588114,1.8916284247928195,72.63092063519221,1
463.0265895704372,1.9923617339696529,81.3935215394429,1
199.71689165954996,0.760842873829231,38.5085509360774,0
264.1531692142519,1.094363028353988,87.14613312988777,0
402.22045541721945,1.637357713556137,91.55289292891898,0
191.51926619664897,1.5440309270806885,34.921403864002805,0
130.7919639315172,0.7308438595097826,98.51693254436998,0
215.90058116550722,1.7237496874859266,22.664037524388256,1
164.48851490160177,0.836660857754991,28.181410156224096,0
471.87906093702924,0.8357264222339347,26.580235531422353,0
423.2481518257668,1.3054616343401204,90.45907390070833,0
353.36150260416935,1.3894099022625548,68.88632970924657,0
448.58423607508706,1.3701293117567168,23.68938549000456,0
421.4688307596458,0.6372302560966323,49.62910765315141,0
174.62802355441434,1.8161912939455704,65.37682225628218,1
457.0235993959911,0.8984000638830592,17.511767649044497,1
315.7368967662603,0.6942723819242063,89.41747315666049,0
422.976062065625,1.8331221198034657,82.32431818973816,1
458.4365199693973,1.93347724734463,55.46860962189744,1
227.20138998874555,1.793191425898176,97.04139537332534,1
144.0207698110707,1.714274112087317,47.59848813475897,1
191.17406501677667,1.4828629709585326,98.56992871328481,0
270.8431154505025,1.3262860559137089,70.11279989232644,0
427.20590636899726,0.6304801398671152,67.12041459285473,0
444.2922333025374,1.1126798196060481,24.935940576620652,0
102.78085221247628,1.059032775518471,89.37349824741796,0
304.2989210310263,0.8896306756404893,48.474071912855365,0
266.9644012595116,1.5851301705328775,24.60100652042314,0
188.8431241882921,1.243813602618156,11.134676797818313,1
147.94614693347313,0.6215693238614719,60.37801152745443,0
235.0460685614512,0.830274802924717,57.46596599104087,0
477.16388156500767,1.5248881454893939,74.74182601322427,0
229.2811728083021,0.6141962892354502,90.1232247716022,0
307.51624869734644,1.776810371073153,17.146592617872656,1
381.2075835580711,1.2427197905209615,75.83468413063261,0
245.4518409517176,1.220879865989972,26.8670749687824,0
488.7128330883843,1.3886116769892765,87.23593478414476,0
484.9789179768445,1.7370214488877238,83.71571624754905,1
200.71291833014567,1.0217138118532896,58.671437948698994,0
298.89940235695417,1.5170242288385953,73.92185187609803,0
220.35132392670786,1.3485979459936865,38.29151018653735,0
213.93619775098705,0.900542405254132,52.405110903953315,0
114.75477894181311,1.817944979532737,83.94732079394245,1
343.82573359195874,1.6961390324103922,51.33386774558925,0
301.07160929154463,1.4876777519876383,42.20184387928976,0
120.59150049999573,1.7758725936413629,54.47912025252699,1
211.45858569464457,1.8009413014397035,84.54243271934965,1
463.3063543866615,1.5625444650725522,40.16872426337855,0
195.82475626678897,1.755519992545508,25.63854338221694,1
157.95794883648924,1.5462071925039256,74.08126182977027,0
295.78110411102523,1.5202111576404507,84.33803914372736,0
494.2601816442403,1.4279170673227766,19.057373067118,1
196.82210860460015,1.629074959336462,31.588670148035025,0
368.8542189623514,0.7379076579396106,22.77747907848945,0
404.64784613148703,1.8213061387983926,41.31472704239499,1
195.05501759695989,1.807765291617848,50.53158810148714,1
391.2865394447438,0.5438709245518387,77.39437032669758,0
247.11325308770128,1.738725125847144,68.60328263935068,1
352.92233223743176,0.6933048012101678,65.8835710730588,0
353.41188430435784,1.0026782813887127,41.71374519486889,0
314.3098736299034,1.6152623844374117,85.7302797776284,0
136.11590802176332,0.7411398440724624,52.41584506583481,0
434.1209982356952,1.7269505361785933,98.11944442136391,1
228.31202598869433,1.748201266936613,67.07279244661632,1
174.6074041599417,1.2612016006412543,21.363826740805244,0
116.31005662190557,0.5095788075752503,70.85598058678906,0
336.35717727529675,0.9305571997623692,39.25936138885291,0
371.02574473691294,1.4253903775636134,71.76944770174876,0
106.63513157114247,1.9717792670411352,16.267703334616517,1
304.8372233197124,1.4477202905250026,25.739329345836346,0
190.59831007917518,0.8897053715962397,87.01635330152077,0
358.06911616377994,1.451008554649417,30.44616013211634,0
169.74657160199658,1.3099780695737833,85.3337012718646,0
376.37509524098635,1.6697680927267153,35.134847960896934,0
254.69413852021495,0.6604709582404376,67.8593719052837,0
474.6919954946938,1.641541853753042,72.47355161588479,0
155.0083776583973,1.3118998680141654,56.13892778305476,0
236.4265404201034,1.944488005788492,37.47796090270582,1
145.38940849623563,1.012808249058029,29.13799387339865,0
469.8774473114251,1.4489328397009222,12.987041910618359,1
450.9357413523924,1.8980421582650262,37.355176111665145,1
203.17665108606224,0.6537645919860189,68.78465114781548,0
363.99361841367164,1.9058427308546766,94.44743366036344,1
426.88888008048633,1.53182858345122,88.40840340367468,0
322.0803246397849,0.6017555886577579,78.94582988817723,0
311.8602313424026,0.9514453504202244,80.96026089279688,0
196.74091636018068,1.5622581329679224,69.84864131283958,0
137.2411071223597,0.6010259022031575,33.42581718094027,0
458.8863031813307,1.37325569026441,91.64755276352469,0
460.1672228653322,1.018824585429435,70.36590807152507,0
353.24058290930714,1.4313732766512157,60.439656788239596,0
235.61191641948028,0.5686130507187692,19.989052229213296,1
239.68382984506437,1.8073052092285644,50.23499894257829,1
390.38227154809573,1.9602334537660955,51.43224440817337,1
458.84410398103086,1.9533167829285372,87.8107248570403,1
454.8345697060469,1.624477747614387,59.19833981690096,0
411.9502183430495,0.695129360195948,44.23604940733687,0
356.8126584617151,1.6373947938935338,97.91202956595934,0
133.65598599801953,0.5368803746882023,19.96485339936841,1
164.6514856378455,0.5331853272934959,48.02935854807502,0
459.4216754108317,0.9854153287243119,13.782220765426477,1
342.57162386383595,1.2329647856069985,76.59137086902373,0
103.67882064665186,1.6556111267116898,92.62688969792356,0
140.58861714641284,1.5249430649097577,35.20335965954405,0
365.40070764322235,1.1688540595651224,87.25075091192087,0
102.02463353848748,0.9104399994224988,36.2996407415708,0
164.32322056699945,1.9956867502365667,91.96931454795237,1
319.49351574663444,1.1392719533539595,77.85657132371055,0
376.7580790770773,1.1770805364945132,82.44160991572947,0
360.7845038010402,0.7454357317875038,11.620590004040904,1
189.7077237842239,1.692214323124894,96.65293213666233,0
384.8716885390144,1.540523338672233,75.40038928632909,0
194.89963499872005,0.8311544191831406,37.427598584752,0
230.1598792637071,0.623571568423764,84.64551983729622,0
398.59656204720966,1.5207489531120697,35.3369078573437,0
359.85315961888585,1.4817668214217028,88.54784556095152,0
439.6893641976712,0.9098892904973139,20.132235137074332,0
363.04515692013734,1.9262953433756156,73.33173797147163,1
327.32344133418866,0.7265868376713503,58.66286289804193,0
137.469907131237,1.1485022015639028,18.688102317589674,1
247.0863212237734,1.9154238802513983,31.770444543295508,1
206.08094707269018,1.1295909753891835,11.11636326495833,1
197.5958573516334,1.4577889214961284,52.189116891805526,0
489.2042219009782,1.0963915969441915,37.11387346840003,0
257.23908986670415,0.911322803523005,63.852173586798294,0
456.8186220708453,1.9759664719397423,36.751402693775546,1
352.45545039890516,1.1140010094725645,36.99272003562862,0
417.9245214166594,1.8411488055187015,76.8873878858443,1
301.0548372420768,0.8449319088366293,14.33285523805181,1
330.76155385054363,0.819657056037625,91.26054956727886,0
297.00707752754556,0.546701124326767,86.70374869520633,0
178.09719511921782,1.4775002380638276,70.10242149037659,0
388.9808461046021,1.0527895155856417,63.389941309664586,0
212.30894497634233,1.7965373747594555,90.3072248325687,1
109.72638657258153,1.2098148600373357,26.6797161575843,0
358.1889183628671,1.9522901418720826,17.107224597174575,1
170.84427176281957,0.7782882735546817,31.55591529185843,0
476.18343374116574,1.8029347519334162,81.51204508301713,1
481.5714308010349,1.6648952791876126,13.120324005383498,1
465.9457560881794,1.656382766966078,62.45261515751407,0
248.06348010217775,1.7671748421753315,99.5893764572179,1
106.18264661154697,1.6415359864144983,87.01264844537855,0
471.32742503509013,1.4393304824471231,56.93011201392305,0
271.2736593269257,0.6968673165235814,15.72768183579781,1
486.6619276174678,0.5487892692368779,84.82361629471389,0
485.44799083570115,1.8812717717235303,63.90806573594895,1
441.203782186944,1.424975471781107,20.343969735361014,0
217.77955682783426,1.6948059364642645,18.44715563410206,1
254.0390914407701,1.222283527268825,91.86641374929332,0
440.45466860674276,0.6759622834435917,70.22802366442706,0
226.76880206251107,0.6877786883038257,84.635811938508,0
167.797098674437,1.528347930843457,89.10810102540405,0
322.72050498334005,1.145458842349194,61.459511684348996,0
474.4619096643124,0.8007870900505051,56.570171657953715,0
378.4119186699892,1.2373918201121552,48.73846692888912,0
328.024468035746,0.5963134056127011,38.52519290120074,0
138.8705975083074,1.3729571028715981,49.11363647728406,0
346.00289067966787,0.9034901066526465,79.64916901571408,0
496.0215400417053,1.6963386509557823,64.17310879136184,0
156.0336060946096,0.9655429383853606,90.32709609593614,0
307.33186094549467,1.1828302236227017,49.90420129412689,0
450.94922877118216,0.517430809862151,64.63806208468786,0
396.30744710168176,0.6086703316918383,66.81767977827899,0
378.8062963981072,1.0887403346100273,63.2527446075693,0
380.9936335948437,1.2199082520756852,73.23703957769646,0
243.79646048790207,1.4000308221789557,31.369012153732566,0
217.43673770579733,0.9374938680639548,56.11273997912116,0
423.74446219140543,1.5424728291898138,19.38023225275129,1
424.0453578716723,1.7901835957838068,44.60601948803313,1
446.8289274320415,1.6697764833400246,53.8900361759138,0
465.2962210225885,0.5594282380225357,68.70018335909252,0
304.5369595443751,1.2207604208867435,95.54779473275832,0
300.60651787487984,0.6573952676272623,64.05859598935203,0
419.31807158671006,0.8630675237937913,76.92345245589038,0
359.98557231110607,1.9799938899007197,55.56394535456825,1
380.7867509030813,0.7137433143522698,67.06936282386982,0
418.31706777444043,1.248332230177034,16.383899452039607,1
456.00213672702654,1.4272336014771787,32.89524227576623,0
235.19806274061432,1.553697455816156,42.56677838846248,0
250.2331810559776,1.339473025230371,52.524401950586224,0
137.5927759363476,0.5146562711287754,14.108387095214535,1
331.3120563984696,0.9896919623659879,22.60216877979859,0
114.37690951869683,1.276567465077067,34.91328770121752,0
286.2392072529841,0.63179974871725,97.43794218109456,0
317.05785388303065,1.025940396813771,39.82123063927457,0
214.61650085131376,0.5498046631870499,53.383695230087426,0
336.3333042276043,0.6178677457325311,27.648794146455366,0
112.20009997561976,1.0953849143023942,64.97020639681915,0
114.93927549968576,0.6990736310645905,35.26148939643769,0
429.0402242638633,1.3513112723923373,28.62933205945841,0
244.07625656450514,1.5341974537058987,56.491536560138115,0
150.8242050607539,1.7008800486636244,10.495521924437874,1
308.89730402192174,0.8002253663672152,10.68976293843028,1
407.99742123944435,0.7512238733886046,29.7161928191672,0
186.32841099873727,0.6568517605016004,13.304922625073903,1
349.15619032760014,1.454645374315455,19.722317871762222,1
134.1389859975072,1.5597135897303518,40.49745844048765,0
120.67268846744308,0.5473792172384631,82.23271116218315,0
312.54185262725923,1.9043183693655348,61.484377903237075,1
316.2540486440426,0.5779569254772086,56.14009533607748,0
354.9719605992826,1.3119445029516057,36.413994088730945,0
390.43653348906463,1.5635907791763746,93.85783474895348,0
490.34083178501385,1.8064536856191284,45.73135371134725,1
306.52013932047817,1.5711303981986418,17.838349011619435,1
229.1825891764984,1.7025921246046878,65.53598645060211,1
418.0744779074815,1.0091752888142091,20.245455412894128,0
208.3329005048297,1.7222376706197684,41.07008285215229,1
275.5885682822544,0.6201722695770127,55.6670744846028,0
131.3825525369064,1.8422249840907914,88.68002722166582,1
110.140297366183,1.3213885642306042,54.41919223061068,0
485.05936587117003,1.7259466549437406,73.20328894284978,1
434.3920482048823,1.1784774267774503,99.35351550991633,0
378.38968243747917,1.4653665427947875,21.834020790818347,0
263.58117776570793,1.28960399140417,34.72583729675676,0
169.3177280283383,1.5973842826329978,45.511846803788174,0
162.5748170684344,0.6224449730458843,47.96453606849482,0
200.09715926583812,0.5905281259858457,46.99189677389912,0
319.69066588244823,0.8706548510152197,91.68499023008994,0
385.83836908002496,0.7393170201697825,74.26293800201708,0
364.0789506870925,1.8076753498883025,64.71146926816334,1
211.97355877837714,0.8288209810370665,37.84354460765039,0
481.94611226527763,1.963797883728697,84.14113457991652,1
395.1587666783074,1.0053436876566604,95.95544603364901,0
321.7416210045603,0.7731768735330489,83.90784542952039,0
344.6882984937409,1.6845477607137187,10.140859467232561,1
267.84002497111595,1.4880616632513142,67.27612331650664,0
199.09239580046298,1.2472935746797085,14.602184329789065,1
242.38907146050462,1.3330453264064468,33.18464983003497,0
403.13844418574763,1.5788026674083957,15.357223031299451,1
105.75739545190234,0.8426821119969481,64.34159076544489,0
146.4290562027665,1.994500874085113,71.79309221433462,1
118.4010568087011,1.9621897432201747,20.30388742593146,1
116.29152092758805,1.4754885295204052,44.54549947404816,0
442.1842336044029,0.7993136763937176,51.06128580599878,0
381.46314375200944,1.5203423636469369,43.214771958482494,0
289.6695316349301,0.6082976134687638,20.892250043667374,0
139.1336642604006,0.545978753308709,47.70530111687279,0
296.64635004673295,0.8865243327668205,77.60602430275763,0
289.3887083122263,1.1939344351089745,16.39068980799299,1
169.28074796400608,1.8024087581125707,17.21620126737131,1
273.5406596951892,1.590753604649462,41.92941626523858,0
259.40189375894937,1.6140597817999716,94.75531404570326,0
346.3400392208866,1.138240001672113,70.17153820506226,0
354.0374603470575,1.0189024888204443,71.08029610053083,0
118.1216039088178,1.056558144476904,42.572799175407845,0
249.8450458505885,1.9814743456040866,63.42947120876846,1
350.3439662856946,0.5601637871187237,10.911806562496905,1
301.2545034320351,1.8005472441836727,67.24864417685879,1
442.5959364753289,1.3680131128585902,92.1958252818613,0
363.477452647578,1.1579231287843856,65.13161215103372,0
165.17377083257188,1.5878864906227048,88.63287341197105,0
128.22749896017194,1.2300034121370542,75.15757499194844,0
356.96771128252624,1.810134857122491,20.850257476332125,1
110.60452421664873,1.8510527960168877,91.22079765572576,1
334.3102325093853,1.1325813903101831,15.97994599201974,1
476.092096569983,0.9152416958525773,58.05707252929874,0
330.1896711503516,1.3885254928900435,22.79234114141119,0
255.26797048260877,1.8685450184250365,11.053594965781366,1
357.3152873769413,0.8159932835084999,47.98308341148751,0
283.30115619660666,1.4344498753452242,36.55366368887406,0
318.24671572637396,1.4473403301387808,53.74004444178427,0
476.5859235106101,1.5996695336229214,61.947989806109575,0
254.4410551203097,0.6973515276908897,13.936516507805262,1
484.4762255295657,1.573737447023133,21.070296561137106,0
462.14025678242547,1.8635487809984614,60.27781568053828,1
178.31645391571857,0.769524663305363,40.885061785539236,0
127.74452035006618,0.8563149873858165,75.62561387945031,0
140.31120055097065,1.9570926410624594,68.70624837327458,1
107.28873026061989,0.7714654290642347,86.10439266909161,0
137.77718430237135,1.7815776400543686,72.32435440023028,1
373.20270936654276,1.2384167846720522,48.69379696511333,0
128.4754593840916,0.8708466116047655,70.56699601549892,0
227.59025211750452,1.8061248519087671,34.784305682987664,1
437.95012438778184,1.1679578825039982,37.568214890039144,0
109.30877429433035,1.2722260308945352,81.0086643928714,0
425.7873930355743,1.0388500540996486,50.1777564761424,0
212.74190990935998,1.389426277152391,81.85423064665173,0
147.2659310486625,0.7452858088775342,84.01801363014506,0
378.6948661456603,1.0866223049776411,87.18061038951554,0
351.5771387119536,1.9541184835029313,92.49717122570866,1
450.98880541082116,0.8872001490516913,48.78866984619666,0
394.02841752155433,1.4851049968119383,38.698013648902496,0
421.39237215393945,0.9877850963370423,62.39788719347025,0
212.8138290285226,1.660209688529901,43.405518109386485,0
170.97581751188915,0.6963104910775247,64.09667501202097,0
400.24590065634334,1.954731567617817,73.50272763794422,1
422.7338957069056,1.1806843120754589,71.95645166429232,0
496.2020568002693,0.8540756950196959,43.70975983181092,0
265.0470707645706,0.610245120995019,25.017418152887753,0
248.80723431711326,0.7546368576313112,48.74764046159868,0
410.56518429679875,1.2796609228340265,22.833472967371787,0
236.32141610120715,1.0055047646469295,90.10873316654275,0
472.3029302414259,1.7433250488239143,41.128971466407165,1
443.3651007372047,1.146331285492709,23.90137725009914,0
271.5976109500074,0.8730714088814449,12.29029839151758,1
400.34842711659894,1.425717479906045,68.12401476578358,0
401.81714963387293,1.5601658253281687,67.3212085709269,0
141.24954753437305,0.7505628618514248,40.65437499231625,0
461.0211626718267,0.7514288244324765,16.45406999628859,1
302.10094897914286,0.5550071404003145,46.86660054057088,0
430.5829864430967,1.6046030225984609,38.00957455570543,0
228.0198404122447,1.4957067914327076,70.94085757615085,0
458.2092913984802,1.2119463136247208,64.52013245074212,0
255.68067149366524,1.7662556734537957,42.8134355377786,1
104.33506059211935,1.7085052294250798,29.61032988294911,1
462.15279056770544,1.3780315465951283,98.92323695400327,0
136.51467071445342,1.8024069207698878,50.860145907650335,1
227.72545503616595,0.8087618150551523,71.94468122022133,0
480.024786820322,0.6678794290965918,22.64976708205247,0
480.24285877502246,0.9046244172754845,53.703072969345804,0
329.37515524931445,0.5856302841339722,12.478304788251894,1
352.73488486791973,1.296754292001548,55.490960611940494,0
279.3782087913279,1.9049085384424422,96.76156664059322,1
217.28430867922583,0.5590153110027645,44.57860416872202,0
231.4658181479664,0.6831648710150402,13.509641131742043,1
369.00738243081537,1.1782985424251529,12.786021182740917,1
400.949811775072,1.9008125262918574,44.91880839521826,1
416.6316174903394,0.9742341574651258,24.402244281687466,0
415.8472571178215,1.2608522130325888,12.101688669536731,1
136.48244121947613,0.5623592885755881,78.05922525551591,0
297.7681218810326,0.7225148014431333,51.26707079937016,0
123.02350400665772,1.9799451844382703,36.032029477538906,1
319.8115529294942,1.9476780446540682,91.00748647148326,1
276.6122005493508,0.5074099714016145,20.452506418047307,0
455.08167310331993,1.9277176781348584,96.03269460597873,1
240.36600502083147,1.4586799067232505,38.25700456396176,0
146.82680657104234,1.8018774417800332,89.95633050778132,1
157.19667282113434,1.1821097834507888,64.26485888315153,0
404.6042526869889,1.2733940428688753,84.40366237673388,0
347.2872253265044,1.2332698703853802,98.56118468894178,0
140.4490704491161,1.5002963863191565,35.956489403687115,0
133.64272244599897,0.7094768821344694,96.50219368668337,0
380.387652583648,0.544960384809017,45.05337054121783,0
129.1052025456774,0.9618949123867864,44.69607142632301,0
428.74402371614246,1.55702114410497,40.63483938290551,0
382.4968908625985,0.8027801781844226,58.72668466128267,0
132.5395122567599,1.510148649987376,23.873053886063836,0
133.93508563407676,1.9548680691609057,59.834033682221005,1
494.65583140047016,0.6408510736841275,58.75343311690036,0
249.70831830244813,1.5089031773376895,78.5711631344383,0
248.25685882675637,1.1656253289568568,85.0284965743827,0
425.119826903001,1.802213381566258,49.639721528118166,1
478.89943095354346,0.7657246841710789,37.20999244163444,0
494.4004255291484,1.5389389283392467,33.3401407585385,0
401.35127410357666,1.7571729344721654,27.516145303438474,1
250.5038342123663,1.9169213292110348,15.18828239791224,1
133.4002866794675,1.5248720424344686,40.8203180951242,0
410.8587663709747,1.245762146012641,34.322292291770495,0
323.361699894322,1.4267708603018208,96.97756472797666,0
269.6888036987905,1.8033574767180773,60.19379436250395,1
462.5417540378944,1.3559146199582446,41.25493351274568,0
144.47899292246052,0.5455805895452552,62.24208408943264,0
297.0500417163437,1.8964230432604667,22.527703121112594,1
104.54145790696762,1.5342901265473416,49.963937428198264,0
287.4642567976505,1.5147700786658698,66.36108892789574,0
122.52131027273494,0.8235127285965758,54.000804861320624,0
147.52716650722877,1.488328205348986,46.160092058889184,0
147.01049871084194,1.0907966084812377,99.44635500097283,0
359.6841208464254,1.4768494655622382,89.22832859340343,0
398.41795170616933,0.6598895454619861,66.10653623434962,0
333.34750603886386,1.486767956904554,61.24396250640545,0
484.86901938981674,1.999120588656,65.85944318421257,1
249.94823180948163,0.572318058290834,28.118089704018992,0
214.28483451274428,1.965761276331976,45.56239689378867,1
447.4396512757841,1.110361941084306,13.551357960180939,1
189.43833540778104,1.8061301755058887,52.7991433738144,1
485.2890157762445,1.6735782260874101,58.87221255618969,0
104.86178987592653,1.3505243914800018,30.497476249288862,0
487.95153068305564,1.6076738138769897,96.76259624489623,0
117.26396478023045,1.817773341952022,91.85091498435177,1
456.45724547922845,1.1062104824765495,74.99289119103153,0
311.08044363451995,0.990549742344858,58.004796588882634,0
497.18591844772016,1.501390078345377,88.29722436829165,0
129.51862589415956,1.7117689129118878,21.758710944111662,1
321.5417137605283,1.6434277021649235,81.14588148473965,0
487.7210142476396,1.6967204732879517,21.23387325701635,0
309.2391376680595,1.1533749722193996,81.47895962944649,0
351.759455254105,1.7267513242625325,34.819081142622125,1
378.29947559384686,0.6803135830559126,88.93815229163701,0
281.8164259071093,1.3167336469412743,94.96378844428581,0
351.0232320336254,0.5086379907471823,23.391637246460405,0
333.72572476924006,0.9868787448504055,51.640804455885416,0
460.46320419639557,1.0496923023070968,98.28886403464166,0
118.17855213658315,1.0942590374138832,53.506669237583196,0
212.38527583689213,1.5432008100347931,87.71927702630906,0
480.1645936306235,1.0828371519055187,62.985836991818786,0
456.10551355636653,1.1730404339337959,43.77969171276417,0
282.26270111428516,0.8563161963114911,35.72051999732832,0
348.0530391206147,1.0598776874440101,28.290078197747853,0
210.95247319245306,0.8409044408947273,78.56183722399275,0
175.24846388950454,0.6097938856526655,44.78864561407251,0
285.4793619759929,1.4051728900720668,56.0147915980676,0
241.34089121042112,1.5023191978325243,54.309293200106374,0
333.4624447403488,1.4292355190144217,61.95511263098181,0
131.09385478599393,1.1952410657008585,87.9019431062097,0
489.7579230664666,1.0696786702688448,98.26654092250864,0
494.48429779184113,1.795000474357738,46.68257877164353,1
379.26468560789806,1.278622677704327,84.47670298956727,0
314.43854653764816,1.2187728164445963,78.80750151892458,0
223.81104651453109,0.5384630987096535,61.617605631001595,0
425.51800788277944,1.0118717414392346,96.04424292507397,0
373.89246902155173,1.0702934281787857,28.042706397556252,0
165.04677573795652,1.0982341713453507,19.83377892786593,1
464.370873797537,1.3702585538409984,86.85657702598799,0
429.0148971692676,1.3004038200903176,49.52348349703735,0
479.9199653167696,1.411857639190167,86.22719687863544,0
390.287803355344,1.6473248923131925,90.37811846758734,0
345.366078374316,1.7194786080741402,15.62118342571643,1
267.29721451624755,1.5771846143397417,89.51182866874547,0
473.0913933416053,1.933285543932402,50.348714983247994,1
446.42555580016335,0.5273488740145424,55.9389240103809,0
118.08746804247576,0.7936669785253192,66.39332599838892,0
110.5467897989008,0.5113443124672132,93.3744346057078,0
250.58534675121984,1.4712120712319046,11.720448498678763,1
424.2213323127332,1.8470458234249802,52.91591214860354,1
494.9104517259778,0.8652234448644489,71.89498381875046,0
160.16675644141128,1.89055181719446,75.04362619284056,1
337.652286140854,0.5904010854343413,72.32791883833971,0
252.3563426524086,1.9016540402082716,22.099161646730966,1
487.96575912584126,1.0274340308594516,36.94560295345131,0
436.8475692542835,0.6521312426738248,42.28439728753121,0
435.3314818844551,1.2288076387794884,82.39934869115545,0
287.4772639179881,0.885164851580762,35.088388517309774,0
265.9278009350661,0.9273093529428842,28.963446748048284,0
209.3628287722825,0.9609349473894299,96.17032171342865,0
122.55019866037085,1.7045388467489953,10.7976956602122,1
445.88895050202126,1.3087419150128818,99.80387701137803,0
425.16040365203105,0.9669615487340055,70.9139168971656,0
499.8870693144522,1.4155006749663777,84.56223695042054,0
498.65473482956213,1.5742260113347903,36.51574567115738,0
322.172682241051,0.9089360011003007,11.288374990035399,1
407.5949660722042,1.1203236522880273,76.40825667053771,0
477.90629195297123,0.6828291400054214,85.07301373006082,0
439.8589562709646,0.7717240243020205,76.64285187581672,0
198.93924069727905,1.5216767809474743,22.856525857075475,0
280.2176541240374,0.7721575215434404,77.80851300312722,0
151.663766060598,1.2877450755005904,79.20305038968769,0
481.62041090348896,1.563569392583649,69.26864641030494,0
342.469853780352,0.6603153846421157,78.95043395160276,0
191.4571222013851,1.3509683294433552,86.1329295709959,0
368.68027376234267,0.8848441755520456,65.22437028137125,0
347.25129618315833,1.9443903128563698,17.974424257271117,1
243.2650872131362,1.2253184700798871,53.88650287004898,0
145.42303687985162,1.7089888246627372,16.988440120444455,1
368.6292782371198,1.3253398132343928,46.678872792918774,0
308.1230803615173,0.5651187992822287,46.63958402130649,0
408.9273566942557,1.4497270633910335,15.940885972621743,1
308.0654004447973,1.9271050133099856,41.39384805725314,1
440.87260012741604,1.4024177302194967,19.989828891218338,1
320.7627355097942,1.7287832891401853,82.74116890082999,1
324.37518861415447,1.8263096950226116,95.29192233680237,1
450.66144106333803,0.8421196579233987,16.508482773214475,1
261.39314648495883,0.81806725986234,95.96036865625312,0
153.6060913802563,1.4164714832764875,57.031893940307064,0
111.51307052533559,1.1165427047100571,36.96091101584865,0
402.0549022694476,1.7597919543000806,16.917586774854716,1
348.12382054138584,1.8500346850970169,55.056184126337605,1
381.63190723968944,1.0301320689540772,81.50639900416738,0
185.1856646035643,0.8553058384617231,73.63778295400283,0
154.5485902347079,1.6707882728657928,14.520341031757638,1
105.81786626715277,0.9122090533222041,16.561165183111317,1
240.23502352263878,1.7339214777705176,46.25859543693734,1
335.96707474185325,1.1356073804731444,36.57614446431489,0
256.8976180398929,1.5013248489372057,30.914589075044304,0
274.98996880949164,0.6433029707520023,35.29040490178423,0
461.66347779749935,1.4357889870148595,82.31344689671961,0
239.30218680932015,1.1776515181058436,93.63052482686685,0
305.5957956639243,1.3799126947632112,46.45924250748098,0
413.4612050964572,0.7520213116172951,91.54999019192473,0
258.61711292850805,1.6053106174162732,38.93461311230938,0
348.8346800911494,1.794195616314843,52.87932877094124,1
444.9454834986981,0.8251097001361635,30.342609803439974,0
479.8082494630568,0.6435718332802426,67.64284379582597,0
158.82939237161517,0.5354578790695046,98.1083003657328,0
470.63505006459775,1.462957250664899,64.31437864390408,0
296.84651723181526,1.410641054133171,42.203267570219396,0
203.29775531958336,1.320046119071105,68.30357013914755,0
283.65430249530453,0.8479206441739631,21.06286106188488,0
492.0130301141908,1.086358993858272,89.97931722388587,0
297.04723759714784,1.3917145027792595,55.27755557018527,0
231.5006441150033,1.245150288288754,50.441476783567786,0
353.3603417266903,1.981678280322331,62.727830960816725,1
196.05824751127722,0.7046596288350997,66.23054765104622,0
130.34533124346558,1.5427168310713908,16.459822560386172,1
151.55188876425967,1.1064781521564382,71.43554991010622,0
151.21833558310897,1.1422994223884222,31.773851228397664,0
160.76107740491773,1.5763966484872642,74.25573692559308,0
155.53086905976406,1.5386542269865544,84.0281314945777,0
356.34989792128584,1.9868839905532825,82.35626567972683,1
172.75203375965793,0.6925914341811878,59.72508706671002,0
238.26691332954528,0.6561644740762496,56.81529030796761,0
458.71536396240475,1.5865082256931118,22.858836520547055,0
289.58465610514895,1.3675803755096136,79.7811535362822,0
367.0230954084109,0.9112409998397089,34.42684424020429,0
168.92794848065193,0.6191290534834799,54.70258805361519,0
176.9156075234683,0.6284873743946457,35.5846683634765,0
116.34744650659155,1.8412863119961775,22.044552669972383,1
167.57402522886582,0.7878009870781144,66.66019272025629,0
211.43613561278346,0.9850573431732812,14.889883134061344,1
170.8041937106987,0.8399846033404821,77.378071071358,0
135.48101350282224,1.032494458747906,38.5828115735005,0
148.25434844024034,0.60413576411914,10.012122370403679,1
284.3115072130903,1.2785896863624056,56.001622531350684,0
182.533487362317,0.6014188453883224,14.216671767484282,1
245.7079444192302,1.7005347617335422,34.85526020388095,1
301.36690834194275,0.8505681228656495,73.62788387101446,0
376.1579314517461,1.3100178719067659,15.642065945967929,1
115.72485593643958,1.8201186313421873,85.54046431204021,1
419.76415956361706,1.4763160535707913,10.34379303927248,1
351.16015579636314,1.299436679827003,32.2141482281712,0
132.70361277954876,0.9865006296730634,76.68136505368643,0
449.4314496427109,0.999502869587297,38.46431347563761,0
468.3489602127253,1.5042304327972853,19.17031492594122,1
124.4311839419455,1.9912090418317514,42.42105269203851,1
210.7510592588815,1.492758784774068,34.3353957746073,0
422.48051191722453,1.3366751260550374,85.84407119444994,0
399.30387615346336,1.595975765358869,38.20131258266288,0
173.8084077425509,1.1978084184255773,81.00392245984065,0
183.7397293346841,0.5902135139011778,90.26849303296612,0
248.1888411165528,1.3434452238168646,49.04356776188766,0
293.8091940764085,1.9364379267580702,91.89488294689528,1
347.3019086121184,0.7629544135364894,43.95862485668736,0
247.56545582790898,1.5350073362309986,96.76705748410974,0
285.01388645325915,0.8014005329885847,18.036057207301564,1
398.9883752535026,1.303741526709622,71.83173398529185,0
114.67328115623916,0.6450146744700794,54.44326364112358,0
200.9747777376083,1.1755564043872777,44.88839249100823,0
385.33983435382095,1.634244993342869,66.94406908737409,0
458.08273507487974,1.021357286358473,73.34713824708982,0
304.67097684626646,1.4973675867308271,10.392694268527817,1
312.84539410612626,1.6931749411845938,25.025777987247885,0
142.8688045359104,1.890766729219179,74.17414455708868,1
278.96494672938184,0.8519631227831803,69.97468722203858,0
313.0469065820092,1.0989738737139623,96.94427546158094,0
196.98820145389186,0.7286240199956262,78.49340112257048,0
207.69729237975238,1.9887252532375628,95.56954369582043,1
250.91366524184906,1.890501451886443,73.22864513813263,1
108.02847911109055,1.3099356954208394,36.824698777549884,0
228.8316662332713,1.763049941564632,19.482843002577084,1
184.57920279861787,1.2814369659080633,80.3641477010442,0
230.99894087116587,1.4353785320041395,67.97342993283243,0
147.90485272770047,0.6336866481740249,14.336741115396661,1
456.210912295958,1.632905630745212,42.40454193108805,0
337.43698142161946,0.6915702254528522,96.11198339358576,0
371.6409276577958,1.7391014453787925,55.03610311391811,1
415.6684954429353,1.6730421315055788,48.94562224177342,0
299.3768795716229,1.5631170466144646,51.192964464336455,0
134.76811523496949,0.5542405707871432,28.799445160464735,0
314.8426167274191,0.9546925339179929,43.18364537783157,0
334.73644720835165,0.8946688548662642,43.283193038845894,0
398.17578967373197,1.0402046112072787,14.711951816872517,1
272.6638184918718,0.6314641201457578,79.08108656661264,0
151.03212111822552,1.9054367345465941,47.485398871349105,1
213.5103623194898,1.3307033610685643,83.9961898134781,0
245.23291855945405,0.9582864659870354,86.53132010079058,0
358.3668965326405,1.0954722756114252,29.079464922879225,0
328.31132186756474,1.1708038107572536,69.16181339531157,0
242.4386903591385,1.4008915000409259,52.50536237466835,0
494.60609951719186,1.2735191415447467,89.21410641293366,0
342.3099277427549,1.879087959821626,29.41666112588087,1
194.89071669439778,1.2454452243587455,71.00318802790397,0
140.7129890481615,1.988237022234969,64.69769100274503,1
161.1436556737328,1.7771374366176436,36.57713298146495,1
198.38309135380325,0.8127657715360037,22.294081328605536,0
164.27254930382227,1.8958928219658744,68.64757844295488,1
174.6268096205223,0.6745495968282141,76.47377123190977,0
214.03806747753885,1.7261745627367873,38.4064609387015,1
169.3494381179019,1.0709349402148702,68.03493436200824,0
458.70616985057006,1.8169614806676042,45.56178168503529,1
132.0934982646569,1.8020850351611755,74.18861949543559,1
309.80455582810185,1.7088881001764318,27.92937474046478,1
264.1587307958646,1.685045654460592,90.11935023725569,0
492.95144676344256,0.9570187086470612,35.866863681902174,0
144.81556086722094,0.6213789245768783,43.10073889805376,0
259.1422396182967,1.1044702681477423,15.22827568723148,1
487.78817331014756,0.7602867724797631,20.036099108914875,0
446.2028503575921,1.5424266333536925,56.42757124410953,0
426.828828379712,1.0191495898066782,34.08334090551743,0
203.16113081797593,1.9634153012898723,85.1932203167975,1
168.35503495602632,1.461458116017998,11.322404978945846,1
367.4572879697724,1.7337208454515414,44.11846438047426,1
471.7503956510343,0.6987870091127726,40.36109920921834,0
322.70515720557194,1.7930217234089338,11.739486782584093,1
328.64507578795997,1.8841357857700916,21.19315591004592,1
211.99163746411367,1.230592878228404,47.227840742677174,0
407.79717327677474,1.4093794066264662,54.357812600270194,0
174.81749942300934,1.647214701354493,46.38607725293822,0
229.47169456169746,0.7622579408906188,57.78439105708844,0
270.1745754465667,1.2538491146951636,63.561850741511336,0
303.044151473782,1.0979945416584695,10.893143901505207,1
196.9638929660321,0.7195609882433737,51.768564350815346,0
145.93472989568141,1.051301633437297,96.71493167988295,0
344.24801697665305,0.6022584640782404,56.71290521165938,0
215.45222129610232,0.5387178604242304,70.97880407130579,0
332.4952885690449,0.7027494337322342,38.06774721251949,0
161.74508610968093,1.9446726673837609,79.65922403374863,1
292.456040741927,1.3242943038425254,79.56293336885035,0
313.03577302063434,1.94873324172983,56.916644288872504,1
120.72941472897077,1.148746817495198,97.84124409512923,0
234.64171127756822,0.9677241996278894,21.2995193286388,0
153.7658707755897,1.2592127942603661,11.525289840062289,1
125.3499881891071,1.1592675329493651,79.31423905813864,0
495.9840929559781,0.6584970263926159,82.64399836283943,0
228.94153798988918,1.4612394720353095,20.818650620851862,0
423.94977834185397,0.8240572737643994,33.90245496627455,0
201.85626190550553,1.4293819323467445,11.579712702996602,1
372.6010888895717,1.4753016385972302,36.39777497025082,0
404.0911439558746,0.7280372796929722,79.58276865268044,0
338.2554962431377,0.5920244406660022,56.6164474941321,0
288.63047542006336,1.6711423791026596,41.328603385145925,0
264.7363656589074,1.1897006356539803,43.456536541569726,0
239.54730661719813,0.5872456932582137,10.121826314392134,1
471.81165769913036,1.9922994757546508,36.98204748087123,1
432.24776311509163,0.58667084149455,68.18128674741374,0
486.010764266605,1.5425528432878297,97.67749994347214,0
149.71888939421788,1.9755183878951204,86.23547442855096,1
392.3469900814577,0.8587701563238884,12.123546818097621,1
475.3361827284151,0.7133740530307943,90.87045442073554,0
172.49322646626405,0.6820774091336433,80.48785719687633,0
126.598506946711,0.9549127213513933,80.23385112138824,0
396.44825971602364,0.65156871651597,51.21961831032144,0
329.7892452719648,1.5382420125411977,45.82047636590525,0
436.7315107033088,0.5934376971950941,37.26241559498733,0
155.9089506505158,1.2641331922246846,15.91253730589292,1
418.1069247439561,1.9950452807794652,30.54118271443292,1
180.65092801909782,1.7209554042590283,32.19432714802221,1
165.4623771462818,1.4228291573465164,53.566936273918145,0
165.70631917239717,0.9593804311799174,77.26999659370246,0
425.82988809255284,1.4358437544374576,52.64288455581519,0
366.07888827848006,1.2905621958674773,15.206000450244455,1
309.2261699076477,1.1391250758355573,96.20108208893835,0
243.532193649401,0.6960655651102992,94.8451887184701,0
450.8802163252433,1.8299063228607002,80.66705888335676,1
256.9780429690542,1.1746769732319837,99.21951114077986,0
426.63977578863086,0.7919337677311475,59.00340995202367,0
275.65396342808737,1.0516390263159345,96.64915152278854,0
250.77777176996304,1.1211946287933905,16.80445365550757,1
285.07191426784254,1.7413068433503114,42.91126734352342,1
220.55114966565685,1.600421570842103,30.284314120608926,0
399.04375207050043,1.6539573404620098,27.6249775720843,0
301.0881560369917,0.5165468966429708,22.672265400340848,0
192.88507805872692,1.1242309972696423,66.0172277409397,0
459.8298293098274,1.2220162274529853,80.31896701725745,0
253.55648854928455,0.528788415234585,62.04685594783246,0
317.4211444455955,0.8897198131175513,23.22664386293887,0
462.5888443858188,1.6404347346832024,83.00113929401238,0
349.69519836559687,0.7056645585934986,67.23592364473556,0
146.75921628334564,1.3029651971788874,44.934913551429595,0
475.93284944539005,0.8228028080258563,70.67172659824567,0
351.08322122856714,0.5181811619658399,33.39144813185496,0
233.96224586283444,0.8618021863993122,41.06729876447895,0
155.7088290653549,1.9638106323650808,92.57372588187911,1
417.6100757081184,1.7023056678244843,36.145405510427835,1
348.02910237140543,1.9393649664815502,52.298944134214295,1
313.38443679052864,1.2317810658895436,90.11270236564131,0
457.55703322038306,0.6646042980162552,73.69492152407747,0
415.4388844898123,1.3219392334605393,15.598290354823249,1
160.66995189310046,1.1815660018399412,23.257273985107332,0
224.6888271182193,1.7665356241094239,10.705743169472514,1
199.3956559257863,0.6471238711763669,66.7829611206247,0
397.5785170290708,1.2323617055326672,50.29060828693765,0
113.41297389431175,0.7250729970409764,22.084736581204798,0
327.9558739485266,0.98701389033509,96.21407089510934,0
404.9834742962762,1.6060356160816995,57.66937515510579,0
450.7062547046998,1.2140271940531497,31.770396470160026,0
236.832699486363,1.063832427718654,55.05432140392368,0
428.5029218688051,1.0917144178550529,71.1658299461597,0
144.2526947820829,1.18917015260898,16.861529617620803,1
438.5809166938073,1.6775248157555853,34.72334335431028,0
150.99546493279297,1.8381270334103517,82.62689417955943,1
258.9149162241469,1.9330020297558925,51.36983833623951,1
418.91814631182143,1.6803550793829427,59.191942782906544,0
159.9669709395095,0.9731103436220191,48.953440198852235,0
191.7005580930566,1.5322020591298133,13.95099483787046,1
388.9010273572265,1.1564046860830879,24.917480183814035,0
388.01461461842973,0.8820059330690768,50.09874748677018,0
356.4590531541189,1.7613073691388839,28.826691886713505,1
377.57937778684,0.5576395234434874,14.498112579371085,1
317.0897773390385,1.8526429882031352,85.92846976466413,1
200.7196235627811,1.1922161969371012,98.30732762477042,0
238.2783974015678,1.4558022152124206,81.38285865970656,0
172.63908672057028,1.489030883308674,86.84064295342003,0
463.3802245334513,1.8426766110598045,31.777941728534085,1
333.3567179064482,1.4550045232508109,96.45642779618798,0
260.34056670545596,1.4209003771400925,27.723313400808554,0
284.8023214576531,0.599978060841035,95.6286829325649,0
478.91333584472613,1.2776120329178062,99.5337364569356,0
161.3405612464321,0.7252535012255625,74.05505251714439,0
334.49193280671886,1.6061506530822283,98.30293586126398,0
302.3554715537864,1.2683328812190118,61.25858016103933,0
344.5816941738591,1.52034166881253,33.35876048584813,0
107.2440735283362,0.5625093509035763,49.32962970990588,0
448.8495635776606,0.6271880240687049,63.42048418409074,0
472.847312993445,1.5744850820940233,16.577340582431347,1
326.05327343568354,0.60812650399801,66.01089381555215,0
378.6603295507569,0.6068850916478878,98.3060053086065,0
468.9997524709183,0.5181627128523312,27.109688480535485,0
382.89545372535946,1.9347520974492203,81.33356046595449,1
161.01561716570455,1.6062625391885104,91.71089144016574,0
330.5153440667253,1.0298771127530961,94.93314335381987,0
342.6860185531424,0.9448033719314828,96.41220439649025,0
269.6522685209544,1.0245548446187742,56.93136748493247,0
394.57769424988913,1.6619802967717727,97.95771171923533,0
473.74680590760596,1.4920559166056215,78.1579186420995,0
470.2274051627105,0.7777933518012019,24.55042926132657,0
280.33574856165285,0.7611640030011265,52.9210095821173,0
145.2952183363021,0.647593474570096,74.64980578348036,0
493.9364795849338,1.4904540795520071,32.2606284237175,0
435.55923457837366,1.646558993332604,67.65536651939986,0
149.86507248130675,0.897569642487506,69.99404311419573,0
468.33675304694896,0.5314174415463693,24.64297694277093,0
447.9585448248513,0.6232575012146411,60.85767812074806,0
307.53522285042885,1.9517900522675458,79.44642198807469,1
336.51017429797173,0.9431671662161304,54.900609808234776,0
259.6010815480521,1.6538347217572005,11.089280509849669,1
121.90465552881253,1.4369953532813957,10.813462217136296,1
234.07889665836038,1.0729094594793438,42.1326409573011,0
421.14137943920457,0.8085308932933326,93.35746615886038,0
101.85280920184114,0.6820796272391096,30.580910164324788,0
233.39966867645768,1.4225194520583,67.09273199845185,0
259.26747743637736,1.661950670956682,29.986828362398853,0
314.9582411751692,1.465856380311696,38.950299069359374,0
467.9422465651042,1.2954531998737375,86.32378806413355,0
238.5383977463845,0.5629268351474543,75.59752980429522,0
238.78128075849108,1.9527331663915757,18.585934958188957,1
395.00049924389936,1.698071287481862,48.58318188877902,0
280.88717635592286,0.9392330550514472,12.625278728073802,1
189.8419291759928,1.969955494038276,53.28011319427081,1
280.9758064530773,1.4028223844544832,69.61906105309612,0
156.34280815191994,1.3736339873108698,20.66523612383364,0
170.55479460248932,1.622109769144298,35.99964450182491,0
299.3471090957919,1.7176546821352063,45.805296295194125,1
267.57017980181917,1.484717910997254,92.75779221904448,0
465.93836042724,0.6921436195493,99.39295138806676,0
244.95755964665324,1.0074012589917476,14.042016909605426,1
332.2353401112174,1.8921254604890745,78.49071311458529,1
352.90571516781216,0.8369234177657778,43.45516597621089,0
105.23778263533346,1.05825053575627,45.3212367606532,0
365.41494880668427,1.148115324416294,77.88384760123205,0
171.21438674790056,1.1591074845416782,92.65837889308678,0
484.42812698778204,1.4194093737417883,95.58357350522935,0
159.46509110124518,1.9146137566170613,61.94103274344887,1
265.8496494908095,0.8610390677487574,42.14090433704526,0
134.13986723145754,0.6822520644513771,80.87941772729013,0
498.7497007383789,0.796205734789906,32.59012449360702,0
300.87800413249704,1.8303873503139043,60.7666625950166,1
338.1540069280175,1.468716218982809,42.272061537238585,0
126.830590955371,0.9288601838587403,69.09679663370885,0
399.98418815967113,1.7239204084529258,31.635902160415622,1
183.9622372382343,1.792054994545154,27.24336511613432,1
459.2217157762855,1.769771508035417,92.64151780078933,1
182.05585619280288,1.8783898004593316,19.162331465458323,1
176.27508826546662,0.8783615302600424,55.53621169614385,0
114.61986713923795,1.6325628931194174,29.876750466670803,0
288.8267780439997,1.19080924591121,13.50369669931007,1
325.9364533050466,1.7629978293350923,13.241693646228375,1
126.28345577134095,1.5927360157424197,25.76995948952446,0
410.2110466780042,1.664671169749587,88.00933190554002,0
281.315533899211,1.4842427565216072,35.4230869579324,0
309.756107731032,0.7661431542045603,95.54132535177662,0
276.3050987752913,1.3175403783454076,62.34600636902742,0
260.3052243501304,1.9770046092867624,49.29527707918895,1
323.85613252328716,1.9060820997456784,62.207995120250914,1
162.09609837228498,0.5647606036955175,56.5028546703641,0
172.77125219810844,0.7472222235941557,78.28986283815927,0
444.7142484054069,0.6975931601818428,35.424645937556704,0
478.4461848534531,1.5889698649779431,41.77453524402721,0
249.32372651190119,1.7266779947854176,90.46848722799257,1
208.2978692574215,0.8202670494660078,95.1810861835365,0
357.59981729560633,1.2587790394277434,90.33024047378271,0
263.49366843923855,1.7610545420168,47.75031945615822,1
110.15454226413794,1.5992023171493759,80.23289527061935,0
162.46103894647615,1.3133558082377723,52.87021599709889,0
386.388891538959,1.3855215356881594,54.778586693149194,0
363.56957676406057,1.26254082037442,28.421209815155557,0
110.83839700139339,0.9463226769782309,63.20172729326648,0
188.7888647731798,1.3475329892885242,26.752230797801314,0
192.42991863522855,1.533327953075136,39.84082291604744,0
368.75709743949136,1.8099843737912116,86.95271814579417,1
107.88421510174567,1.4544370309688721,28.63682282897697,0
141.64343279382953,1.641682305564737,16.404245665608954,1
419.96643414927576,0.7401074524318595,16.21068333515347,1
171.41786482173345,1.192336211629685,94.6706068452797,0
361.0984431407499,0.51399742974064,55.622839416565114,0
195.2731124186906,0.8700182967824346,46.84708646353165,0
139.77655710373807,1.5896925726695073,82.97907229071266,0
197.26887639978162,1.987714927024045,85.22433351194644,1
388.9067727422637,0.6487671493808238,39.89719298040441,0
442.2785872425143,1.1022414737919324,72.42562517264157,0
432.0879458267966,1.7001064530487393,79.40105342666979,1
258.87341184738193,0.8060534519433482,68.91856181793591,0
367.2340546282585,1.3326274239534293,23.643556732008943,0
181.9937181663284,1.5996069440445122,88.82947751653514,0
217.2590921044053,1.4239781753902685,58.51850974624078,0
458.5343274084479,0.7820371019231243,35.422518373300335,0
105.20076940429442,1.0330768530286092,48.27053668939245,0
134.2034123417872,1.6756876767280957,13.381398135901664,1
183.1545020584109,1.3313397711980248,21.50801211001758,0
110.61288154952788,0.507844420314369,78.89920754642748,0
172.57417403591893,1.6414861400421408,10.001047127982952,1
333.2166243878769,0.5529670324103586,47.490924563406296,0
268.5698202369992,1.6186006740968482,57.02591629770296,0
457.0686844307899,0.8037208402478562,14.917097800087507,1
426.9774246953764,1.9371102201790702,97.57703466750996,1
236.7269406791504,1.0519111269531267,30.351279812470473,0
203.769373372517,0.9903974245071187,37.37788476726528,0
251.87696326690676,0.723332075498667,37.35482610295246,0
336.1179770059231,0.9584063232353224,30.73749959056149,0
207.22545632915052,1.8149761427423008,10.132643987768027,1
349.65956313965364,1.994501506440871,75.64103146791967,1
263.7646608764962,1.0524642957602726,97.01609498193568,0
320.8188723407921,1.172915946431814,30.186413495654055,0
274.45061165412665,1.5831064073041055,69.67424726230801,0
217.7863038167671,1.8292936706976117,76.77066942628436,1
479.3813227848627,1.3895665012801763,86.35828411814722,0
405.4423176639043,1.087288547266744,48.03662773122482,0
156.04527030658102,1.1189327612729356,37.26378150763863,0
447.3871903591651,1.5434272197452104,39.2765620620728,0
294.97247929980546,0.504827395406418,74.13591997886616,0
457.82089075763656,1.429384006189761,83.51015198550725,0
419.9421023789261,1.0332395156620362,26.34525709809424,0
270.0854017876934,1.6912959969156263,43.38469073419887,0
108.98772332804695,0.6394859597346982,91.17461770742351,0
207.47094375397842,1.3823034004225858,82.60241677252652,0
316.65368586434676,1.2214593348291856,98.63725624862282,0
353.39128793045893,1.463488288857841,77.88234337138726,0
203.15507417328092,0.5972803917244525,45.38756809251301,0
155.74242962912965,1.369975681142197,63.1574050595174,0
433.9720947197196,1.3422268819392855,69.49128288225883,0
493.76087228142086,1.3409901416242564,17.061023468541155,1
310.27607292107433,1.4052314998946822,59.00472631934786,0
168.6717143393214,1.5147019058395434,73.83887456253487,0
208.9229306077476,1.7074834995211545,25.058917360095435,1
107.3562706189867,0.9047310801923215,80.25685456830014,0
465.7195226241996,1.737574115270093,62.539550246270046,1
147.10043315605645,1.2473835233951804,95.69996071278352,0
330.6065902057014,0.6155874187014967,13.818006838620253,1
209.6220882748824,0.5878263938659688,33.87935237999203,0
321.67120100631735,1.0013574780440913,64.13984913698417,0
360.5681553407457,1.6773454656672013,36.69039209853376,0
431.89672148288065,1.5615214021113737,74.2981747664118,0
182.56850870424128,1.6829224470086097,78.3104754269738,0
104.3983314633922,1.275903584662414,19.2264367659827,1
154.7542520275229,1.160298496933236,56.24690177860909,0
460.00745673924206,0.721178790059426,55.80015000319503,0
449.5560310250061,0.9922891304139674,43.2352693193987,0
338.9652408681233,1.1510290492608128,93.96323763127049,0
340.20674417346135,0.6329006445194258,84.47556878858991,0
366.01466981850217,0.8309179290668169,72.7488443718673,0
170.14851144937984,1.3973379410956082,74.28939721614978,0
465.7647783699839,1.6034946713587848,51.55445294318072,0
267.5082099568292,1.9975212670894245,92.88950689869183,1
253.255411299799,1.8996699970153366,72.51358845279569,1
307.56708211313503,1.4638477993027874,75.60829554902348,0
118.78638671002201,1.131872079941108,87.55218134086107,0
166.51334750243177,1.4542660470623492,34.66644304079719,0
395.2134465705482,1.678477427120348,82.63638134800327,0
133.1194671700506,0.677504286385081,27.571654266084284,0
341.26084378655526,1.1148573345444324,41.0807757020399,0
198.13964387252838,1.7597034284534259,40.20494088428585,1
255.71824561679063,1.075749427899566,98.06729215502266,0
215.47749470827995,1.3578084068407799,87.08835013731341,0
242.26908658597966,1.3816540412932974,73.10528754312338,0
387.6183620736982,0.776714379700459,75.4351085453851,0
218.84868624927,1.0433531624784327,60.586551496231394,0
326.5618561187589,1.0017669331128982,95.23816003976671,0
290.42016087963987,0.5392950627980972,54.66328775941254,0
365.46846614505927,0.5362876458370329,44.246593888290505,0
474.7318957299032,1.7475455655136602,24.67318032384319,1
393.02883888410014,0.9096062149592186,80.75850870349522,0
185.9761514363027,1.277118149358223,76.09995388680323,0
112.47325402451386,0.9480883603831596,44.59195346717214,0
204.90561771993004,1.9110188676730107,12.267407256330642,1
338.03117228010194,0.8889451382986606,85.50975949462097,0
120.57032539370013,1.1444852191084025,11.027618510866628,1
298.54649888049454,1.8090953757269028,73.33298016661459,1
338.7371395667557,1.762900350187713,97.32313987534513,1
233.69755632678434,0.7791521267694159,49.38951953333831,0
408.36488149832877,1.7039649646935655,31.14760644963575,1
142.63930125350873,1.187280330106839,73.43839090390435,0
130.0551126943235,1.2244533081280329,83.54153278140267,0
391.2755024814413,0.7002199586239157,59.17872844700626,0
298.1965264824794,0.620902270635687,97.03317477305316,0
375.36095857109444,1.5919089604606478,14.650184949216499,1
273.9309354414985,1.2446917285329495,55.43160384740753,0
198.56081329564273,1.1552760539227693,74.6608552590295,0
427.6409270696799,1.5942623429785951,87.63764240342611,0
419.7663515875917,1.6482693484866646,26.133005071701103,0
377.8785883417707,0.7383622515040303,82.00031335873133,0
208.8580548919851,1.415337724216462,59.743636814669074,0
336.0922667476348,0.7030311234165283,45.68983137909669,0
244.38955877601072,1.6270626290435686,21.854352572118422,0
136.63282933065366,1.4854327344007092,87.87661830180211,0
466.9254301848971,1.9349219316251869,24.154588736174382,1
154.72745236758456,0.6034370245346318,37.880907328818935,0
480.094941528321,0.5855820817268815,36.10409787661932,0
278.4023091831823,0.9232806120398003,88.42726307717689,0
